sku ,standard_price,on_hand_stock_value,inventory_units_on_hand,average_monthly_usage,october_demand,november_demand,december_demand,january_demand,february_demand,march_demand,april_demand,may_demand,june_demand,july_demand,august_demand,september_demand,annual_demand,average_monthly_usage_trend,supplier_on_time_delivery,demand_variability_cov,lead_time_days
14171.73212,34,5837.312718,173,122,109.8,109.8,109.8,109.8,109.8,109.8,109.8,109.8,109.8,109.8,109.8,109.8,1317.6,-0.1,0.77,1.56,23
52169.04283,12,1532.719476,127,178,213.6,213.6,213.6,213.6,213.6,213.6,213.6,213.6,213.6,213.6,213.6,213.6,2563.2,0.2,0.85,1.8,12
72156.25745,12,4562.334137,388,324,194.4,194.4,194.4,194.4,194.4,194.4,194.4,194.4,194.4,194.4,194.4,194.4,2332.8,-0.4,0.77,1.38,21
8954.076984,8,4156.895262,510,414,621,621,621,621,621,621,621,621,621,621,621,621,7452,0.5,0.7,1.99,15
94785.8318,5,587.5857636,112,170,374,374,374,374,374,374,374,374,374,374,374,374,4488,1.2,0.8,0.92,15
7857.752319,9,233.1691719,25,42,33.6,33.6,33.6,33.6,33.6,33.6,33.6,33.6,33.6,33.6,33.6,33.6,403.2,-0.2,0.83,1.17,12
23921.16203,37,239.1606363,7,10,6,6,6,6,6,6,6,6,6,6,6,6,72,-0.4,0.73,1,16
20838.15682,14,328.7585973,23,18,27,27,27,27,27,27,27,27,27,27,27,27,324,0.5,0.77,1.34,23
28119.91436,7,1169.931205,166,162,243,243,243,243,243,243,243,243,243,243,243,243,2916,0.5,0.77,0.9,21
39145.01238,8,64000,8009,130,78,78,78,78,78,78,78,78,78,78,78,78,936,-0.4,0.8,0.98,12
36916.6025,98,1041.115722,11,10,16,16,16,16,16,16,16,16,16,16,16,16,192,0.6,0.77,1.43,16
20167.09523,18,549.9200596,31,26,57.2,57.2,57.2,57.2,57.2,57.2,57.2,57.2,57.2,57.2,57.2,57.2,686.4,1.2,0.81,1.28,23
13825.92566,21,222.3193413,11,18,32.4,32.4,32.4,32.4,32.4,32.4,32.4,32.4,32.4,32.4,32.4,32.4,388.8,0.8,0.77,1.32,11
35393.00406,8,1758.931944,232,122,146.4,146.4,146.4,146.4,146.4,146.4,146.4,146.4,146.4,146.4,146.4,146.4,1756.8,0.2,0.77,1.8,31
64602.92922,7,1636.063717,230,122,97.6,97.6,97.6,97.6,97.6,97.6,97.6,97.6,97.6,97.6,97.6,97.6,1171.2,-0.2,0.77,1.78,31
78437.89751,17,3409.984038,205,74,66.6,66.6,66.6,66.6,66.6,66.6,66.6,66.6,66.6,66.6,66.6,66.6,799.2,-0.1,0.77,1.1,61
49840.64111,37,272.3558071,7,10,22,22,22,22,22,22,22,22,22,22,22,22,264,1.2,0.77,1.43,13
11673.86812,34,331.526846,10,10,9,9,9,9,9,9,9,9,9,9,9,9,108,-0.1,0.8,1.15,21
67407.81987,28,214.0130001,8,10,6,6,6,6,6,6,6,6,6,6,6,6,72,-0.4,0.77,1.58,12
45569.93306,15,1500,97,10,6,6,6,6,6,6,6,6,6,6,6,6,72,-0.4,0.77,1.54,16
46546.61843,9,59.1793335,6,10,22,22,22,22,22,22,22,22,22,22,22,22,264,1.2,0.77,1.23,12
16996.04226,18,602.7456751,34,10,8,8,8,8,8,8,8,8,8,8,8,8,96,-0.2,0.77,1,81
89385.16644,20,260.684347,13,10,15,15,15,15,15,15,15,15,15,15,15,15,180,0.5,0.77,1.54,21
94094.52434,22,337.4743,16,10,8,8,8,8,8,8,8,8,8,8,8,8,96,-0.2,0.77,2.48,16
53822.56425,7,90.01427367,13,10,22,22,22,22,22,22,22,22,22,22,22,22,264,1.2,0.77,1.91,16
46060.91678,10,482.5815349,49,18,25.2,25.2,25.2,25.2,25.2,25.2,25.2,25.2,25.2,25.2,25.2,25.2,302.4,0.4,0.77,1.02,62
41213.87088,13,1022.23822,79,10,22,22,22,22,22,22,22,22,22,22,22,22,264,1.2,0.77,1.33,176
77704.06654,19,603.6462312,31,10,22,22,22,22,22,22,22,22,22,22,22,22,264,1.2,0.77,2.56,31
21835.37788,46,1276.578824,28,10,25,25,25,25,25,25,25,25,25,25,25,25,300,1.5,0.77,1.04,81
52607.2665,6,135.6377652,22,10,6,6,6,6,6,6,6,6,6,6,6,6,72,-0.4,0.77,2.27,23
70964.12009,12,833.3433844,69,18,21.6,21.6,21.6,21.6,21.6,21.6,21.6,21.6,21.6,21.6,21.6,21.6,259.2,0.2,0.77,1.28,61
57014.25897,24,97.3573643,4,10,16,16,16,16,16,16,16,16,16,16,16,16,192,0.6,0.77,0.89,11
42854.3262,12,381.0198468,32,10,16,16,16,16,16,16,16,16,16,16,16,16,192,0.6,0.77,0.92,81
55647.4245,22,587.770337,27,10,14,14,14,14,14,14,14,14,14,14,14,14,168,0.4,0.77,1.06,62
72009.69859,23,273.761217,12,10,14,14,14,14,14,14,14,14,14,14,14,14,168,0.4,0.75,1.41,21
12950.88246,7,239.144553,34,10,16,16,16,16,16,16,16,16,16,16,16,16,192,0.6,0.77,1.99,41
12391.62135,13,212.741188,16,18,28.8,28.8,28.8,28.8,28.8,28.8,28.8,28.8,28.8,28.8,28.8,28.8,345.6,0.6,0.77,0.99,21
28494.96096,23,12240,521,10,4,4,4,4,4,4,4,4,4,4,4,4,48,-0.6,0.77,1.47,21
13316.33142,26,105.8831558,4,10,12,12,12,12,12,12,12,12,12,12,12,12,144,0.2,0.77,0.91,11
9715.729205,21,74.40288946,4,10,9,9,9,9,9,9,9,9,9,9,9,9,108,-0.1,0.75,0.75,11
92172.87215,15,1095.497066,74,42,37.8,37.8,37.8,37.8,37.8,37.8,37.8,37.8,37.8,37.8,37.8,37.8,453.6,-0.1,0.77,0.78,44
48429.39229,6,3800,639,34,13.6,13.6,13.6,13.6,13.6,13.6,13.6,13.6,13.6,13.6,13.6,13.6,163.2,-0.6,0.77,0.86,82
67144.68233,19,194.0267374,10,10,25,25,25,25,25,25,25,25,25,25,25,25,300,1.5,0.77,0.78,31
22940.71126,26,979.4099311,38,10,15,15,15,15,15,15,15,15,15,15,15,15,180,0.5,0.77,1.28,62
91258.55653,15,862.5582173,58,18,27,27,27,27,27,27,27,27,27,27,27,27,324,0.5,0.77,1.06,62
84273.51019,8,215.6972365,26,18,32.4,32.4,32.4,32.4,32.4,32.4,32.4,32.4,32.4,32.4,32.4,32.4,388.8,0.8,1,1.68,21
75297.9515,11,742.3609324,68,18,14.4,14.4,14.4,14.4,14.4,14.4,14.4,14.4,14.4,14.4,14.4,14.4,172.8,-0.2,1,1.95,41
33972.8887,50,1146.012963,23,10,6,6,6,6,6,6,6,6,6,6,6,6,72,-0.4,1,1,71
66345.50015,8,214.6201346,26,18,32.4,32.4,32.4,32.4,32.4,32.4,32.4,32.4,32.4,32.4,32.4,32.4,388.8,0.8,1,0.8,41
44320.83531,6,186.4623035,32,18,45,45,45,45,45,45,45,45,45,45,45,45,540,1.5,1,0.94,41
5368.448754,5,34.37362323,7,10,15,15,15,15,15,15,15,15,15,15,15,15,180,0.5,1,0.87,16
9503.436666,6,162.8038144,27,26,57.2,57.2,57.2,57.2,57.2,57.2,57.2,57.2,57.2,57.2,57.2,57.2,686.4,1.2,1,1.01,23
10035.77473,7,780,107,34,10.2,10.2,10.2,10.2,10.2,10.2,10.2,10.2,10.2,10.2,10.2,10.2,122.4,-0.7,0.75,0.73,61
30898.51141,95,419.5832239,4,10,14,14,14,14,14,14,14,14,14,14,14,14,168,0.4,1,1.04,11
64784.44354,8,350,43,10,3,3,3,3,3,3,3,3,3,3,3,3,36,-0.7,0.81,0.8,11
40510.0628,5,81.04074028,16,10,22,22,22,22,22,22,22,22,22,22,22,22,264,1.2,1,0.82,41
66763.51187,5,152.7010385,28,18,39.6,39.6,39.6,39.6,39.6,39.6,39.6,39.6,39.6,39.6,39.6,39.6,475.2,1.2,1,0.8,41
79836.62189,6,11000,1706,10,25,25,25,25,25,25,25,25,25,25,25,25,300,1.5,0.85,1.6,176
42003.69568,5,1250,234,10,4,4,4,4,4,4,4,4,4,4,4,4,48,-0.6,1,0.86,61
32369.28162,10,137.4650204,14,10,12,12,12,12,12,12,12,12,12,12,12,12,144,0.2,1,1.65,21
54570.82291,8,2450,301,10,4,4,4,4,4,4,4,4,4,4,4,4,48,-0.6,0.81,1.04,66
87416.0724,8,680,89,10,6,6,6,6,6,6,6,6,6,6,6,6,72,-0.4,1,1.95,11
35550.82626,11,480.4743792,42,18,14.4,14.4,14.4,14.4,14.4,14.4,14.4,14.4,14.4,14.4,14.4,14.4,172.8,-0.2,1,1.95,30
58772.38551,13,69.19655427,5,10,18,18,18,18,18,18,18,18,18,18,18,18,216,0.8,1,1.2,11
7436.807314,6,242.3158495,38,10,25,25,25,25,25,25,25,25,25,25,25,25,300,1.5,0.88,1.45,61
42197.0308,5,115.54666,21,10,25,25,25,25,25,25,25,25,25,25,25,25,300,1.5,0.75,1.72,29
65905.88381,5,57.04994075,10,10,14,14,14,14,14,14,14,14,14,14,14,14,168,0.4,0.77,1.5,16
36205.11128,30,1016.430173,34,58,34.8,34.8,34.8,34.8,34.8,34.8,34.8,34.8,34.8,34.8,34.8,34.8,417.6,-0.4,0.77,1.12,11
92629.19002,10,1266.949871,129,268,107.2,107.2,107.2,107.2,107.2,107.2,107.2,107.2,107.2,107.2,107.2,107.2,1286.4,-0.6,0.77,0.82,16
14400.80689,8,458.5571843,57,138,303.6,303.6,303.6,303.6,303.6,303.6,303.6,303.6,303.6,303.6,303.6,303.6,3643.2,1.2,0.77,0.82,11
20418.92732,41,1492.006204,36,18,10.8,10.8,10.8,10.8,10.8,10.8,10.8,10.8,10.8,10.8,10.8,10.8,129.6,-0.4,0.77,2.11,30
69313.07822,9,4627.271478,509,82,49.2,49.2,49.2,49.2,49.2,49.2,49.2,49.2,49.2,49.2,49.2,49.2,590.4,-0.4,0.77,1.61,93
98329.55094,14,1237.264484,86,42,92.4,92.4,92.4,92.4,92.4,92.4,92.4,92.4,92.4,92.4,92.4,92.4,1108.8,1.2,0.77,0.97,61
76231.03342,20,452.3846667,23,26,39,39,39,39,39,39,39,39,39,39,39,39,468,0.5,0.77,2,11
81537.96901,8,404.2961922,50,130,182,182,182,182,182,182,182,182,182,182,182,182,2184,0.4,0.77,0.75,11
848.0809453,6,4235.90166,730,470,1034,1034,1034,1034,1034,1034,1034,1034,1034,1034,1034,1034,12408,1.2,0.77,1.3,27
5869.593443,26,239.5719093,9,18,25.2,25.2,25.2,25.2,25.2,25.2,25.2,25.2,25.2,25.2,25.2,25.2,302.4,0.4,0.77,1.17,11
57416.49581,10,1261.586566,128,340,204,204,204,204,204,204,204,204,204,204,204,204,2448,-0.4,0.77,0.96,11
8392.581071,6,224.5114345,38,42,92.4,92.4,92.4,92.4,92.4,92.4,92.4,92.4,92.4,92.4,92.4,92.4,1108.8,1.2,0.77,1.28,16
84102.45845,26,260.5684671,10,18,39.6,39.6,39.6,39.6,39.6,39.6,39.6,39.6,39.6,39.6,39.6,39.6,475.2,1.2,0.77,1.28,11
53779.00665,9,268.7303816,31,26,31.2,31.2,31.2,31.2,31.2,31.2,31.2,31.2,31.2,31.2,31.2,31.2,374.4,0.2,0.77,1.28,22
82832.52498,5,278.5672067,53,10,15,15,15,15,15,15,15,15,15,15,15,15,180,0.5,0.77,1.15,101
98378.27555,7,122.911652,17,42,92.4,92.4,92.4,92.4,92.4,92.4,92.4,92.4,92.4,92.4,92.4,92.4,1108.8,1.2,0.77,0.79,11
58079.34347,19,299.6878056,16,10,6,6,6,6,6,6,6,6,6,6,6,6,72,-0.4,0.77,0.72,51
20515.10297,5,61.11626852,11,18,25.2,25.2,25.2,25.2,25.2,25.2,25.2,25.2,25.2,25.2,25.2,25.2,302.4,0.4,0.77,0.8,16
21977.15266,5,52.09509605,10,18,45,45,45,45,45,45,45,45,45,45,45,45,540,1.5,0.77,1.04,11
23640.38365,7,62000,9223,10,6,6,6,6,6,6,6,6,6,6,6,6,72,-0.4,0.77,0.97,21
61599.13697,6,45.39892881,7,18,32.4,32.4,32.4,32.4,32.4,32.4,32.4,32.4,32.4,32.4,32.4,32.4,388.8,0.8,0.77,0.77,11
19362.40888,7,113.1558915,15,18,7.2,7.2,7.2,7.2,7.2,7.2,7.2,7.2,7.2,7.2,7.2,7.2,86.4,-0.6,0.77,1.86,11
28643.91352,5,27.94457801,5,10,22,22,22,22,22,22,22,22,22,22,22,22,264,1.2,0.77,1,11
40066.64533,6,63.59936631,10,18,27,27,27,27,27,27,27,27,27,27,27,27,324,0.5,0.77,0.74,16
56531.78891,5,791.7953541,158,34,85,85,85,85,85,85,85,85,85,85,85,85,1020,1.5,0.77,1.28,68
73183.07634,13,186.8220499,15,10,18,18,18,18,18,18,18,18,18,18,18,18,216,0.8,0.77,0.77,43
39547.29566,6,94.66562498,16,10,18,18,18,18,18,18,18,18,18,18,18,18,216,0.8,0.77,0.78,42
74026.59966,7,220.1486611,30,18,21.6,21.6,21.6,21.6,21.6,21.6,21.6,21.6,21.6,21.6,21.6,21.6,259.2,0.2,0.77,0.83,43
33788.86995,5,154.3864633,30,10,14,14,14,14,14,14,14,14,14,14,14,14,168,0.4,0.77,1.32,50
22520.01689,5,56.713131,11,10,12,12,12,12,12,12,12,12,12,12,12,12,144,0.2,0.77,1.09,22
82709.24091,21,5134.859618,244,122,268.4,268.4,268.4,268.4,268.4,268.4,268.4,268.4,268.4,268.4,268.4,268.4,3220.8,1.2,1,0.82,60
95156.36474,6,770.6981823,122,34,74.8,74.8,74.8,74.8,74.8,74.8,74.8,74.8,74.8,74.8,74.8,74.8,897.6,1.2,0.82,1.8,40
46403.87373,11,18597.08237,1664,122,73.2,73.2,73.2,73.2,73.2,73.2,73.2,73.2,73.2,73.2,73.2,73.2,878.4,-0.4,1,1.27,261
97104.28322,17,1624.717354,98,18,14.4,14.4,14.4,14.4,14.4,14.4,14.4,14.4,14.4,14.4,14.4,14.4,172.8,-0.2,1,1.02,160
48736.01396,26,3971.584413,152,42,25.2,25.2,25.2,25.2,25.2,25.2,25.2,25.2,25.2,25.2,25.2,25.2,302.4,-0.4,1,1.53,60
31967.57789,7,798.8538743,123,106,95.4,95.4,95.4,95.4,95.4,95.4,95.4,95.4,95.4,95.4,95.4,95.4,1144.8,-0.1,1,1,22
71072.24732,20,1607.734131,79,34,51,51,51,51,51,51,51,51,51,51,51,51,612,0.5,1,1.8,40
81909.30134,54,1026.105031,19,10,3,3,3,3,3,3,3,3,3,3,3,3,36,-0.7,1,0.84,70
39840.7382,8,1644.416422,200,26,36.4,36.4,36.4,36.4,36.4,36.4,36.4,36.4,36.4,36.4,36.4,36.4,436.8,0.4,0.88,0.79,265
9502.657564,36,974.1115293,27,10,22,22,22,22,22,22,22,22,22,22,22,22,264,1.2,1,1.29,45
50412.93308,7,499.9373617,68,26,46.8,46.8,46.8,46.8,46.8,46.8,46.8,46.8,46.8,46.8,46.8,46.8,561.6,0.8,1,1.23,50
813.4034714,14,785.7862201,58,26,23.4,23.4,23.4,23.4,23.4,23.4,23.4,23.4,23.4,23.4,23.4,23.4,280.8,-0.1,1,1.15,40
83489.02749,7,1410.973475,202,42,58.8,58.8,58.8,58.8,58.8,58.8,58.8,58.8,58.8,58.8,58.8,58.8,705.6,0.4,1,2.41,60
57475.61525,11,330.1850114,31,26,57.2,57.2,57.2,57.2,57.2,57.2,57.2,57.2,57.2,57.2,57.2,57.2,686.4,1.2,0.75,0.94,29
58600.29598,5,355.4757546,69,98,245,245,245,245,245,245,245,245,245,245,245,245,2940,1.5,1,1.47,11
88361.49157,20,1490,73,10,6,6,6,6,6,6,6,6,6,6,6,6,72,-0.4,1,0.86,16
79307.86942,29,24000,827,10,6,6,6,6,6,6,6,6,6,6,6,6,72,-0.4,1,1.31,16
71000.67199,21,846.4596052,40,42,50.4,50.4,50.4,50.4,50.4,50.4,50.4,50.4,50.4,50.4,50.4,50.4,604.8,0.2,1,1.85,11
89251.54452,32,968.3187497,30,10,12,12,12,12,12,12,12,12,12,12,12,12,144,0.2,1,1.26,51
93469.55851,10,825.2723729,86,18,27,27,27,27,27,27,27,27,27,27,27,27,324,0.5,1,0.95,100
45870.41515,10,465.5687157,49,18,21.6,21.6,21.6,21.6,21.6,21.6,21.6,21.6,21.6,21.6,21.6,21.6,259.2,0.2,1,1.07,60
37485.47982,53,22000,419,10,22,22,22,22,22,22,22,22,22,22,22,22,264,1.2,0.8,1.13,258
84559.80606,185,3408.61337,18,10,6,6,6,6,6,6,6,6,6,6,6,6,72,-0.4,1,1.09,44
67889.90501,6,371.4495441,60,10,25,25,25,25,25,25,25,25,25,25,25,25,300,1.5,1,1.4,100
66981.88731,10,4500,461,10,4,4,4,4,4,4,4,4,4,4,4,4,48,-0.6,1,1.03,95
92110.94562,6,154.4651905,27,10,11,11,11,11,11,11,11,11,11,11,11,11,132,0.1,0.9,0.99,60
13890.49711,13,183.9425744,14,10,3,3,3,3,3,3,3,3,3,3,3,3,36,-0.7,0.82,1.15,30
45576.33015,16,3870,238,10,6,6,6,6,6,6,6,6,6,6,6,6,72,-0.4,0.82,0.98,60
56656.19487,92,2744.283222,30,10,14,14,14,14,14,14,14,14,14,14,14,14,168,0.4,1,1.28,60
41680.07185,14,460.6811231,34,10,14,14,14,14,14,14,14,14,14,14,14,14,168,0.4,0.88,0.8,100
89811.80717,59,3557.81144,60,10,22,22,22,22,22,22,22,22,22,22,22,22,264,1.2,1,0.77,200
36174.29807,58,823.7470861,14,10,8,8,8,8,8,8,8,8,8,8,8,8,96,-0.2,1,1.07,29
39363.46175,30,1531.681807,51,10,18,18,18,18,18,18,18,18,18,18,18,18,216,0.8,1,1.33,120
3404.017843,190,6596.542522,35,10,6,6,6,6,6,6,6,6,6,6,6,6,72,-0.4,1,1.29,70
73860.71471,11,159.4800021,14,10,12,12,12,12,12,12,12,12,12,12,12,12,144,0.2,1,1.72,20
87767.50716,6,132.5771709,23,18,27,27,27,27,27,27,27,27,27,27,27,27,324,0.5,0.75,0.95,29
29259.21007,177,22174.06103,126,10,12,12,12,12,12,12,12,12,12,12,12,12,144,0.2,1,1.98,165
56062.73383,6600,62939.76354,10,10,15,15,15,15,15,15,15,15,15,15,15,15,180,0.5,0.82,0.94,26
5507.884826,25,321.5326989,13,10,3,3,3,3,3,3,3,3,3,3,3,3,36,-0.7,0.88,1.06,30
51646.57145,21,888.5499861,43,10,4,4,4,4,4,4,4,4,4,4,4,4,48,-0.6,1,1.14,80
56852.69199,6,207.3959115,33,10,6,6,6,6,6,6,6,6,6,6,6,6,72,-0.4,0.75,1.23,60
43587.35979,16,11700,731,18,10.8,10.8,10.8,10.8,10.8,10.8,10.8,10.8,10.8,10.8,10.8,10.8,129.6,-0.4,1,0.82,12
18388.13489,12,906.9987288,75,18,27,27,27,27,27,27,27,27,27,27,27,27,324,0.5,0.8,3.46,26
69917.70123,72,555.132038,8,18,25.2,25.2,25.2,25.2,25.2,25.2,25.2,25.2,25.2,25.2,25.2,25.2,302.4,0.4,1,0.92,12
84010.94264,71,1138.566596,16,10,22,22,22,22,22,22,22,22,22,22,22,22,264,1.2,1,1,35
58028.02417,79,3817.095492,48,10,18,18,18,18,18,18,18,18,18,18,18,18,216,0.8,1,0.96,130
76279.32956,8,279.8285832,36,18,32.4,32.4,32.4,32.4,32.4,32.4,32.4,32.4,32.4,32.4,32.4,32.4,388.8,0.8,1,0.74,60
839.7189575,5,32500,6013,26,15.6,15.6,15.6,15.6,15.6,15.6,15.6,15.6,15.6,15.6,15.6,15.6,187.2,-0.4,1,0.81,60
43344.10831,232,3394.175365,15,10,8,8,8,8,8,8,8,8,8,8,8,8,96,-0.2,0.82,1.07,35
19942.00864,145,3152.765401,22,18,10.8,10.8,10.8,10.8,10.8,10.8,10.8,10.8,10.8,10.8,10.8,10.8,129.6,-0.4,1,0.78,40
12128.43273,26,1040.641667,39,42,63,63,63,63,63,63,63,63,63,63,63,63,756,0.5,1,0.71,40
83981.03848,56,1042.649526,18,18,10.8,10.8,10.8,10.8,10.8,10.8,10.8,10.8,10.8,10.8,10.8,10.8,129.6,-0.4,1,1.87,12
6239.586338,137,24054.2583,176,26,65,65,65,65,65,65,65,65,65,65,65,65,780,1.5,1,0.92,190
50164.97265,268,6979.835903,26,26,57.2,57.2,57.2,57.2,57.2,57.2,57.2,57.2,57.2,57.2,57.2,57.2,686.4,1.2,1,1,26
98053.03428,139,2812.089201,20,10,22,22,22,22,22,22,22,22,22,22,22,22,264,1.2,1,0.87,60
15456.07562,513,15429.49049,30,10,9,9,9,9,9,9,9,9,9,9,9,9,108,-0.1,1,0.87,90
23247.41692,13,90.9344229,7,18,10.8,10.8,10.8,10.8,10.8,10.8,10.8,10.8,10.8,10.8,10.8,10.8,129.6,-0.4,1,0.87,11
36801.08852,11,290.4116474,27,18,21.6,21.6,21.6,21.6,21.6,21.6,21.6,21.6,21.6,21.6,21.6,21.6,259.2,0.2,1,0.88,40
32628.01978,20,1177.570735,60,26,57.2,57.2,57.2,57.2,57.2,57.2,57.2,57.2,57.2,57.2,57.2,57.2,686.4,1.2,0.8,1.57,45
18511.05158,7,259.7676209,36,34,40.8,40.8,40.8,40.8,40.8,40.8,40.8,40.8,40.8,40.8,40.8,40.8,489.6,0.2,0.8,0.94,25
1465.287773,9,275.4754567,30,10,12,12,12,12,12,12,12,12,12,12,12,12,144,0.2,1,1,70
64333.34908,27,789.9992539,29,18,10.8,10.8,10.8,10.8,10.8,10.8,10.8,10.8,10.8,10.8,10.8,10.8,129.6,-0.4,1,1.32,26
43950.98135,77,1049.768316,14,34,20.4,20.4,20.4,20.4,20.4,20.4,20.4,20.4,20.4,20.4,20.4,20.4,244.8,-0.4,1,0.72,12
82840.00177,7,1480.072836,205,42,67.2,67.2,67.2,67.2,67.2,67.2,67.2,67.2,67.2,67.2,67.2,67.2,806.4,0.6,1,0.93,145
16258.20829,62,3465.650975,56,18,7.2,7.2,7.2,7.2,7.2,7.2,7.2,7.2,7.2,7.2,7.2,7.2,86.4,-0.6,1,1.46,55
68000.85251,24,12428.60052,525,42,58.8,58.8,58.8,58.8,58.8,58.8,58.8,58.8,58.8,58.8,58.8,58.8,705.6,0.4,1,1.08,290
92564.37328,139,2428.349439,17,26,57.2,57.2,57.2,57.2,57.2,57.2,57.2,57.2,57.2,57.2,57.2,57.2,686.4,1.2,0.83,0.85,20
5080.470179,144,12318.49995,86,26,41.6,41.6,41.6,41.6,41.6,41.6,41.6,41.6,41.6,41.6,41.6,41.6,499.2,0.6,1,1.14,75
34964.02796,57,4326.794187,76,34,51,51,51,51,51,51,51,51,51,51,51,51,612,0.5,0.87,0.8,70
56870.09973,23,1741.597822,76,34,74.8,74.8,74.8,74.8,74.8,74.8,74.8,74.8,74.8,74.8,74.8,74.8,897.6,1.2,0.82,0.77,85
91426.67159,6,1353.368746,211,50,90,90,90,90,90,90,90,90,90,90,90,90,1080,0.8,0.82,1.38,60
77806.09006,7,1372.048767,203,50,40,40,40,40,40,40,40,40,40,40,40,40,480,-0.2,0.88,0.81,133
68677.35508,73,1596.896951,22,18,39.6,39.6,39.6,39.6,39.6,39.6,39.6,39.6,39.6,39.6,39.6,39.6,475.2,1.2,1,0.85,45
24821.80158,28,1424.382438,51,34,74.8,74.8,74.8,74.8,74.8,74.8,74.8,74.8,74.8,74.8,74.8,74.8,897.6,1.2,1,0.76,60
77724.02442,36,1109.008223,31,18,21.6,21.6,21.6,21.6,21.6,21.6,21.6,21.6,21.6,21.6,21.6,21.6,259.2,0.2,1,0.92,40
17675.74024,6,267.3449882,41,18,45,45,45,45,45,45,45,45,45,45,45,45,540,1.5,0.82,1.02,50
9037.732304,5,1042.304365,198,58,17.4,17.4,17.4,17.4,17.4,17.4,17.4,17.4,17.4,17.4,17.4,17.4,208.8,-0.7,0.72,1.02,60
28488.38611,13,1104.604341,86,26,20.8,20.8,20.8,20.8,20.8,20.8,20.8,20.8,20.8,20.8,20.8,20.8,249.6,-0.2,1,1.14,60
89665.20677,41,1379.741388,34,18,27,27,27,27,27,27,27,27,27,27,27,27,324,0.5,1,1.3,45
83959.21238,29,1181.523193,40,26,39,39,39,39,39,39,39,39,39,39,39,39,468,0.5,0.85,1,47
3987.356487,81,4063.748271,50,34,13.6,13.6,13.6,13.6,13.6,13.6,13.6,13.6,13.6,13.6,13.6,13.6,163.2,-0.6,0.71,0.77,46
10364.08644,22,1117.374887,50,26,65,65,65,65,65,65,65,65,65,65,65,65,780,1.5,0.75,0.94,60
35265.16222,362,79471.22958,220,34,13.6,13.6,13.6,13.6,13.6,13.6,13.6,13.6,13.6,13.6,13.6,13.6,163.2,-0.6,1,0.96,175
38589.6678,130,16916.84834,130,18,27,27,27,27,27,27,27,27,27,27,27,27,324,0.5,1,1.56,120
49890.04676,26,6045.629313,230,66,52.8,52.8,52.8,52.8,52.8,52.8,52.8,52.8,52.8,52.8,52.8,52.8,633.6,-0.2,0.82,0.85,100
49717.44659,22,4519.367993,208,66,99,99,99,99,99,99,99,99,99,99,99,99,1188,0.5,1,1.32,60
91537.48339,6,1186.64262,205,26,39,39,39,39,39,39,39,39,39,39,39,39,468,0.5,1,0.94,155
66633.48938,139,2288.613414,16,34,61.2,61.2,61.2,61.2,61.2,61.2,61.2,61.2,61.2,61.2,61.2,61.2,734.4,0.8,0.8,0.87,14
80260.11575,17,3900,235,26,7.8,7.8,7.8,7.8,7.8,7.8,7.8,7.8,7.8,7.8,7.8,7.8,93.6,-0.7,0.8,0.73,28
58470.64716,53,1195.015878,23,42,37.8,37.8,37.8,37.8,37.8,37.8,37.8,37.8,37.8,37.8,37.8,37.8,453.6,-0.1,1,1.06,16
89321.96051,201,8404.745065,42,34,74.8,74.8,74.8,74.8,74.8,74.8,74.8,74.8,74.8,74.8,74.8,74.8,897.6,1.2,1,1.14,28
36242.58921,8,1031.920173,124,82,24.6,24.6,24.6,24.6,24.6,24.6,24.6,24.6,24.6,24.6,24.6,24.6,295.2,-0.7,1,1.59,28
72292.61001,112,7988.928042,71,66,118.8,118.8,118.8,118.8,118.8,118.8,118.8,118.8,118.8,118.8,118.8,118.8,1425.6,0.8,1,0.9,31
42242.48607,70,3355.171905,48,50,110,110,110,110,110,110,110,110,110,110,110,110,1320,1.2,1,0.79,31
45552.5998,29,1049.076533,36,50,15,15,15,15,15,15,15,15,15,15,15,15,180,-0.7,1,0.72,21
27719.21863,41,1264.750889,31,34,74.8,74.8,74.8,74.8,74.8,74.8,74.8,74.8,74.8,74.8,74.8,74.8,897.6,1.2,1,0.97,29
48757.60959,6,595.6329179,99,74,111,111,111,111,111,111,111,111,111,111,111,111,1332,0.5,0.8,0.93,31
52738.31427,195,10422.69629,54,58,127.6,127.6,127.6,127.6,127.6,127.6,127.6,127.6,127.6,127.6,127.6,127.6,1531.2,1.2,0.75,0.73,31
55168.57614,18,900.0852453,51,58,145,145,145,145,145,145,145,145,145,145,145,145,1740,1.5,0.92,0.96,19
27804.56418,8,1044.21718,131,58,69.6,69.6,69.6,69.6,69.6,69.6,69.6,69.6,69.6,69.6,69.6,69.6,835.2,0.2,0.82,1.47,31
34397.90417,23,3649.799577,160,122,268.4,268.4,268.4,268.4,268.4,268.4,268.4,268.4,268.4,268.4,268.4,268.4,3220.8,1.2,1,1.06,31
21887.98141,1078,104030.7816,97,66,39.6,39.6,39.6,39.6,39.6,39.6,39.6,39.6,39.6,39.6,39.6,39.6,475.2,-0.4,1,1.23,31
93366.37569,33,2800.846686,85,66,79.2,79.2,79.2,79.2,79.2,79.2,79.2,79.2,79.2,79.2,79.2,79.2,950.4,0.2,0.82,1.04,31
51684.3261,9,1042.634417,122,58,81.2,81.2,81.2,81.2,81.2,81.2,81.2,81.2,81.2,81.2,81.2,81.2,974.4,0.4,0.92,0.8,50
19153.67476,6,12800,1986,34,13.6,13.6,13.6,13.6,13.6,13.6,13.6,13.6,13.6,13.6,13.6,13.6,163.2,-0.6,1,0.73,17
68319.07542,6,3234.206262,538,430,645,645,645,645,645,645,645,645,645,645,645,645,7740,0.5,1,1.13,25
55806.5158,9,316.7928326,36,58,34.8,34.8,34.8,34.8,34.8,34.8,34.8,34.8,34.8,34.8,34.8,34.8,417.6,-0.4,0.81,0.95,15
20509.28596,12,1261.182099,109,98,147,147,147,147,147,147,147,147,147,147,147,147,1764,0.5,1,0.98,23
95930.30237,10,1084.578572,113,138,124.2,124.2,124.2,124.2,124.2,124.2,124.2,124.2,124.2,124.2,124.2,124.2,1490.4,-0.1,1,0.73,31
66550.65027,7,1129.915633,165,90,36,36,36,36,36,36,36,36,36,36,36,36,432,-0.6,1,1.47,25
34612.87214,57,3033.371511,53,66,118.8,118.8,118.8,118.8,118.8,118.8,118.8,118.8,118.8,118.8,118.8,118.8,1425.6,0.8,1,0.73,28
13232.79607,46,3911.808283,86,74,162.8,162.8,162.8,162.8,162.8,162.8,162.8,162.8,162.8,162.8,162.8,162.8,1953.6,1.2,1,0.95,31
76543.52333,16,275.3255881,17,10,6,6,6,6,6,6,6,6,6,6,6,6,72,-0.4,1,1.35,31
26525.0436,34,3774.42753,112,106,169.6,169.6,169.6,169.6,169.6,169.6,169.6,169.6,169.6,169.6,169.6,169.6,2035.2,0.6,1,0.86,31
85865.43543,89,8682.893884,97,90,198,198,198,198,198,198,198,198,198,198,198,198,2376,1.2,0.82,1.2,23
14394.16336,7,1031.802473,149,138,124.2,124.2,124.2,124.2,124.2,124.2,124.2,124.2,124.2,124.2,124.2,124.2,1490.4,-0.1,1,0.7,28
35730.5836,19,2284.081182,121,162,405,405,405,405,405,405,405,405,405,405,405,405,4860,1.5,1,0.79,23
17724.92674,677,136785.8264,202,90,126,126,126,126,126,126,126,126,126,126,126,126,1512,0.4,1,0.79,74
62206.36319,41,5108.766704,123,146,219,219,219,219,219,219,219,219,219,219,219,219,2628,0.5,1,0.79,27
4118.905937,622,27979.25624,45,74,44.4,44.4,44.4,44.4,44.4,44.4,44.4,44.4,44.4,44.4,44.4,44.4,532.8,-0.4,1,0.72,22
64747.20442,613,25017.47278,41,82,205,205,205,205,205,205,205,205,205,205,205,205,2460,1.5,1,0.81,16
61240.23018,23,942.2190011,40,58,69.6,69.6,69.6,69.6,69.6,69.6,69.6,69.6,69.6,69.6,69.6,69.6,835.2,0.2,1,0.86,17
24760.86271,26,4750.319796,180,138,193.2,193.2,193.2,193.2,193.2,193.2,193.2,193.2,193.2,193.2,193.2,193.2,2318.4,0.4,1,1.06,31
50064.12161,23,2960.34698,129,138,248.4,248.4,248.4,248.4,248.4,248.4,248.4,248.4,248.4,248.4,248.4,248.4,2980.8,0.8,0.83,1.05,22
10239.02632,9,486.5474622,55,82,180.4,180.4,180.4,180.4,180.4,180.4,180.4,180.4,180.4,180.4,180.4,180.4,2164.8,1.2,1,0.76,20
23332.87361,8,1061.044892,129,114,205.2,205.2,205.2,205.2,205.2,205.2,205.2,205.2,205.2,205.2,205.2,205.2,2462.4,0.8,1,1.12,20
41407.0252,21,1712.518325,80,106,127.2,127.2,127.2,127.2,127.2,127.2,127.2,127.2,127.2,127.2,127.2,127.2,1526.4,0.2,0.82,0.98,23
89394.55076,40,5826.147071,146,220,132,132,132,132,132,132,132,132,132,132,132,132,1584,-0.4,1,0.76,22
34901.62629,19,1387.019694,72,66,145.2,145.2,145.2,145.2,145.2,145.2,145.2,145.2,145.2,145.2,145.2,145.2,1742.4,1.2,1,1.69,20
97205.91371,6,781.7260022,125,114,205.2,205.2,205.2,205.2,205.2,205.2,205.2,205.2,205.2,205.2,205.2,205.2,2462.4,0.8,1,0.8,25
71346.84879,770,79411.68269,103,122,48.8,48.8,48.8,48.8,48.8,48.8,48.8,48.8,48.8,48.8,48.8,48.8,585.6,-0.6,1,0.71,31
80430.37141,79,16035.78999,203,122,305,305,305,305,305,305,305,305,305,305,305,305,3660,1.5,0.75,1.28,33
41203.29168,53,10999.25125,209,122,97.6,97.6,97.6,97.6,97.6,97.6,97.6,97.6,97.6,97.6,97.6,97.6,1171.2,-0.2,1,1.58,28
26394.89998,6,587.4349537,99,122,146.4,146.4,146.4,146.4,146.4,146.4,146.4,146.4,146.4,146.4,146.4,146.4,1756.8,0.2,1,0.88,20
93614.81142,29,6327.926282,220,114,159.6,159.6,159.6,159.6,159.6,159.6,159.6,159.6,159.6,159.6,159.6,159.6,1915.2,0.4,0.8,1.04,46
46526.14142,11,1201.986078,112,122,183,183,183,183,183,183,183,183,183,183,183,183,2196,0.5,1,1.23,22
99092.46226,20,1698.592501,86,130,325,325,325,325,325,325,325,325,325,325,325,325,3900,1.5,0.84,0.89,22
91923.4293,27,2241.753609,83,130,325,325,325,325,325,325,325,325,325,325,325,325,3900,1.5,1,0.72,22
76404.29028,11,961.5023559,91,106,127.2,127.2,127.2,127.2,127.2,127.2,127.2,127.2,127.2,127.2,127.2,127.2,1526.4,0.2,0.96,0.72,23
89168.13456,19,3094.414368,163,130,286,286,286,286,286,286,286,286,286,286,286,286,3432,1.2,1,1,31
37057.50135,321,15885.79988,49,130,234,234,234,234,234,234,234,234,234,234,234,234,2808,0.8,1,0.76,13
7011.978794,8,1032.553186,122,186,279,279,279,279,279,279,279,279,279,279,279,279,3348,0.5,1,0.83,22
84656.47876,9,1003.613037,116,130,286,286,286,286,286,286,286,286,286,286,286,286,3432,1.2,0.83,1.1,23
84645.50897,9,1325.59892,152,170,102,102,102,102,102,102,102,102,102,102,102,102,1224,-0.4,1,0.74,23
1826.379771,38,4420.95931,117,154,92.4,92.4,92.4,92.4,92.4,92.4,92.4,92.4,92.4,92.4,92.4,92.4,1108.8,-0.4,0.84,0.82,23
72754.33596,9,1064.028648,123,98,58.8,58.8,58.8,58.8,58.8,58.8,58.8,58.8,58.8,58.8,58.8,58.8,705.6,-0.4,0.71,0.82,28
19188.97653,30,6463.225765,215,186,334.8,334.8,334.8,334.8,334.8,334.8,334.8,334.8,334.8,334.8,334.8,334.8,4017.6,0.8,1,1.47,20
42497.04662,10,597.3143042,57,90,36,36,36,36,36,36,36,36,36,36,36,36,432,-0.6,1,0.73,20
99255.09936,6,1163.266731,201,106,127.2,127.2,127.2,127.2,127.2,127.2,127.2,127.2,127.2,127.2,127.2,127.2,1526.4,0.2,1,0.73,46
28701.63319,11,261.4454634,23,34,20.4,20.4,20.4,20.4,20.4,20.4,20.4,20.4,20.4,20.4,20.4,20.4,244.8,-0.4,0.82,0.78,20
73387.0324,11,996.7567062,88,170,306,306,306,306,306,306,306,306,306,306,306,306,3672,0.8,1,0.73,20
32263.1607,41,1016.99663,25,66,52.8,52.8,52.8,52.8,52.8,52.8,52.8,52.8,52.8,52.8,52.8,52.8,633.6,-0.2,1,0.9,13
64875.99647,25,3929.323605,159,146,43.8,43.8,43.8,43.8,43.8,43.8,43.8,43.8,43.8,43.8,43.8,43.8,525.6,-0.7,1,0.82,33
4480.640121,21,5293.999017,249,178,445,445,445,445,445,445,445,445,445,445,445,445,5340,1.5,0.77,1.03,33
56096.26675,25,4290.731072,170,178,391.6,391.6,391.6,391.6,391.6,391.6,391.6,391.6,391.6,391.6,391.6,391.6,4699.2,1.2,0.82,0.74,31
68937.24966,11,1302.576019,120,138,41.4,41.4,41.4,41.4,41.4,41.4,41.4,41.4,41.4,41.4,41.4,41.4,496.8,-0.7,1,0.8,31
19299.52682,8,1240.935843,163,178,267,267,267,267,267,267,267,267,267,267,267,267,3204,0.5,1,0.74,23
13827.44534,6,3359.445934,529,178,213.6,213.6,213.6,213.6,213.6,213.6,213.6,213.6,213.6,213.6,213.6,213.6,2563.2,0.2,0.82,2.33,31
79319.56159,17,9424.372393,550,212,339.2,339.2,339.2,339.2,339.2,339.2,339.2,339.2,339.2,339.2,339.2,339.2,4070.4,0.6,1,1.99,33
3917.77502,5,1663.1949,304,236,283.2,283.2,283.2,283.2,283.2,283.2,283.2,283.2,283.2,283.2,283.2,283.2,3398.4,0.2,1,0.72,45
12445.2829,12,1062.866617,92,170,204,204,204,204,204,204,204,204,204,204,204,204,2448,0.2,1,0.77,20
30822.31636,7,1708.350146,248,244,195.2,195.2,195.2,195.2,195.2,195.2,195.2,195.2,195.2,195.2,195.2,195.2,2342.4,-0.2,0.75,0.79,33
28524.55907,6,835.3391047,150,178,213.6,213.6,213.6,213.6,213.6,213.6,213.6,213.6,213.6,213.6,213.6,213.6,2563.2,0.2,0.85,1.23,13
12159.11518,9,1770.657099,194,146,204.4,204.4,204.4,204.4,204.4,204.4,204.4,204.4,204.4,204.4,204.4,204.4,2452.8,0.4,0.8,0.78,46
64627.18514,6,1014.13616,160,146,87.6,87.6,87.6,87.6,87.6,87.6,87.6,87.6,87.6,87.6,87.6,87.6,1051.2,-0.4,1,0.96,31
54440.0798,11,3740.021709,348,284,454.4,454.4,454.4,454.4,454.4,454.4,454.4,454.4,454.4,454.4,454.4,454.4,5452.8,0.6,1,0.87,33
14865.09325,5,1049.805676,201,178,160.2,160.2,160.2,160.2,160.2,160.2,160.2,160.2,160.2,160.2,160.2,160.2,1922.4,-0.1,0.75,1.34,23
59540.86287,13,9171.459831,727,268,321.6,321.6,321.6,321.6,321.6,321.6,321.6,321.6,321.6,321.6,321.6,321.6,3859.2,0.2,1,0.73,87
89016.80093,16,8122.204345,504,252,151.2,151.2,151.2,151.2,151.2,151.2,151.2,151.2,151.2,151.2,151.2,151.2,1814.4,-0.4,1,1.07,46
46105.6719,12,1543.72312,129,252,453.6,453.6,453.6,453.6,453.6,453.6,453.6,453.6,453.6,453.6,453.6,453.6,5443.2,0.8,1,0.73,20
21179.05749,31,8676.261744,275,260,650,650,650,650,650,650,650,650,650,650,650,650,7800,1.5,1,0.92,29
37920.10879,7,1271.717537,176,154,184.8,184.8,184.8,184.8,184.8,184.8,184.8,184.8,184.8,184.8,184.8,184.8,2217.6,0.2,1,0.95,23
91715.26174,9,1520.357156,172,300,240,240,240,240,240,240,240,240,240,240,240,240,2880,-0.2,0.82,1.39,12
49986.20614,10,820.6282251,80,106,190.8,190.8,190.8,190.8,190.8,190.8,190.8,190.8,190.8,190.8,190.8,190.8,2289.6,0.8,0.83,0.71,20
89243.77892,16,5226.629687,323,186,409.2,409.2,409.2,409.2,409.2,409.2,409.2,409.2,409.2,409.2,409.2,409.2,4910.4,1.2,1,1.31,33
15597.37267,13,1691.099817,128,220,484,484,484,484,484,484,484,484,484,484,484,484,5808,1.2,0.82,0.74,22
71647.04951,28,12117.58109,435,228,182.4,182.4,182.4,182.4,182.4,182.4,182.4,182.4,182.4,182.4,182.4,182.4,2188.8,-0.2,1,1.47,33
990.6670531,7,3385.682652,472,332,464.8,464.8,464.8,464.8,464.8,464.8,464.8,464.8,464.8,464.8,464.8,464.8,5577.6,0.4,0.82,0.96,33
44766.43608,8,2731.824059,345,276,386.4,386.4,386.4,386.4,386.4,386.4,386.4,386.4,386.4,386.4,386.4,386.4,4636.8,0.4,1,0.8,35
84276.1629,73,18067.51187,249,324,583.2,583.2,583.2,583.2,583.2,583.2,583.2,583.2,583.2,583.2,583.2,583.2,6998.4,0.8,0.72,0.81,23
36903.02252,21,4013.249085,191,252,352.8,352.8,352.8,352.8,352.8,352.8,352.8,352.8,352.8,352.8,352.8,352.8,4233.6,0.4,1,0.81,23
33062.92628,27,16996.96578,632,340,612,612,612,612,612,612,612,612,612,612,612,612,7344,0.8,0.83,0.75,60
52341.01919,7,1699.670285,228,252,453.6,453.6,453.6,453.6,453.6,453.6,453.6,453.6,453.6,453.6,453.6,453.6,5443.2,0.8,0.7,0.73,31
89951.51899,8,7625.255854,979,406,324.8,324.8,324.8,324.8,324.8,324.8,324.8,324.8,324.8,324.8,324.8,324.8,3897.6,-0.2,0.75,0.75,68
48507.3207,7,5430.25706,728,340,272,272,272,272,272,272,272,272,272,272,272,272,3264,-0.2,0.82,1.92,27
91203.71952,9,7889.533479,921,380,684,684,684,684,684,684,684,684,684,684,684,684,8208,0.8,0.83,1.24,46
29443.44791,10,2791.852534,285,268,589.6,589.6,589.6,589.6,589.6,589.6,589.6,589.6,589.6,589.6,589.6,589.6,7075.2,1.2,0.75,0.97,25
26412.83289,29,17291.94526,601,454,544.8,544.8,544.8,544.8,544.8,544.8,544.8,544.8,544.8,544.8,544.8,544.8,6537.6,0.2,1,0.95,35
82813.67224,8,2725.52255,359,308,92.4,92.4,92.4,92.4,92.4,92.4,92.4,92.4,92.4,92.4,92.4,92.4,1108.8,-0.7,1,0.73,35
73576.4875,14,3514.280265,249,390,702,702,702,702,702,702,702,702,702,702,702,702,8424,0.8,1,0.72,21
50118.45693,18,10253.1605,557,348,556.8,556.8,556.8,556.8,556.8,556.8,556.8,556.8,556.8,556.8,556.8,556.8,6681.6,0.6,1,1.29,31
32116.59585,17,1347.182741,79,284,710,710,710,710,710,710,710,710,710,710,710,710,8520,1.5,0.8,0.72,11
65490.25957,12,4336.772155,351,196,313.6,313.6,313.6,313.6,313.6,313.6,313.6,313.6,313.6,313.6,313.6,313.6,3763.2,0.6,1,0.93,46
19501.29949,6,845.086212,137,260,156,156,156,156,156,156,156,156,156,156,156,156,1872,-0.4,1,0.89,11
50611.65194,5,810.0253426,149,252,201.6,201.6,201.6,201.6,201.6,201.6,201.6,201.6,201.6,201.6,201.6,201.6,2419.2,-0.2,0.75,0.96,11
49002.29976,13,8544.028824,654,494,790.4,790.4,790.4,790.4,790.4,790.4,790.4,790.4,790.4,790.4,790.4,790.4,9484.8,0.6,1,1.49,22
82289.6548,14,3536.249217,255,486,777.6,777.6,777.6,777.6,777.6,777.6,777.6,777.6,777.6,777.6,777.6,777.6,9331.2,0.6,1,0.73,17
91153.84839,17,8270.401796,501,268,428.8,428.8,428.8,428.8,428.8,428.8,428.8,428.8,428.8,428.8,428.8,428.8,5145.6,0.6,0.82,1.5,31
6088.393127,44,13723.49991,309,478,191.2,191.2,191.2,191.2,191.2,191.2,191.2,191.2,191.2,191.2,191.2,191.2,2294.4,-0.6,1,1.51,11
38093.32095,5,3296.122057,624,542,813,813,813,813,813,813,813,813,813,813,813,813,9756,0.5,1,1.47,18
21062.89384,7,4071.665514,563,462,1016.4,1016.4,1016.4,1016.4,1016.4,1016.4,1016.4,1016.4,1016.4,1016.4,1016.4,1016.4,12196.8,1.2,0.87,0.87,31
27931.32597,141,48630.17304,346,252,554.4,554.4,554.4,554.4,554.4,554.4,554.4,554.4,554.4,554.4,554.4,554.4,6652.8,1.2,0.82,1.54,23
57080.21584,5,1366.25941,261,220,264,264,264,264,264,264,264,264,264,264,264,264,3168,0.2,1,1.6,21
12710.54877,88,42771.83102,489,252,378,378,378,378,378,378,378,378,378,378,378,378,4536,0.5,1,1.62,31
7484.962409,61,12702.01403,208,566,679.2,679.2,679.2,679.2,679.2,679.2,679.2,679.2,679.2,679.2,679.2,679.2,8150.4,0.2,1,0.72,13
58765.31507,6,1291.216771,233,204,448.8,448.8,448.8,448.8,448.8,448.8,448.8,448.8,448.8,448.8,448.8,448.8,5385.6,1.2,1,1.27,25
39833.66569,10,3127.234546,313,300,750,750,750,750,750,750,750,750,750,750,750,750,9000,1.5,1,0.72,33
86550.04954,12,7299.537784,609,712,284.8,284.8,284.8,284.8,284.8,284.8,284.8,284.8,284.8,284.8,284.8,284.8,3417.6,-0.6,0.71,0.88,22
44208.9097,38,10297.90336,273,462,415.8,415.8,415.8,415.8,415.8,415.8,415.8,415.8,415.8,415.8,415.8,415.8,4989.6,-0.1,0.71,0.33,33
53493.12248,12,2565.142149,222,486,874.8,874.8,874.8,874.8,874.8,874.8,874.8,874.8,874.8,874.8,874.8,874.8,10497.6,0.8,1,0.25,35
69017.25451,40,6955.54459,174,470,141,141,141,141,141,141,141,141,141,141,141,141,1692,-0.7,1,0.25,35
3478.938552,7,2538.167153,363,308,369.6,369.6,369.6,369.6,369.6,369.6,369.6,369.6,369.6,369.6,369.6,369.6,4435.2,0.2,0.75,0.74,33
63660.10815,7,1433.087322,205,430,1075,1075,1075,1075,1075,1075,1075,1075,1075,1075,1075,1075,12900,1.5,1,0.31,33
3317.463521,11,16595.76432,1546,616,246.4,246.4,246.4,246.4,246.4,246.4,246.4,246.4,246.4,246.4,246.4,246.4,2956.8,-0.6,0.71,1.6,38
89669.53586,7,1768.646373,246,664,1195.2,1195.2,1195.2,1195.2,1195.2,1195.2,1195.2,1195.2,1195.2,1195.2,1195.2,1195.2,14342.4,0.8,0.85,0.25,27
34390.00277,5,2554.542516,471,494,592.8,592.8,592.8,592.8,592.8,592.8,592.8,592.8,592.8,592.8,592.8,592.8,7113.6,0.2,1,0.56,33
7536.769747,26,14888.61679,565,946,2081.2,2081.2,2081.2,2081.2,2081.2,2081.2,2081.2,2081.2,2081.2,2081.2,2081.2,2081.2,24974.4,1.2,0.85,0.62,23
96750.54531,7,9095.535716,1272,608,1337.6,1337.6,1337.6,1337.6,1337.6,1337.6,1337.6,1337.6,1337.6,1337.6,1337.6,1337.6,16051.2,1.2,1,1.04,46
98292.19693,83,8127.208089,98,648,1620,1620,1620,1620,1620,1620,1620,1620,1620,1620,1620,1620,19440,1.5,1,0.1,35
3093.613486,7,2769.231622,422,688,1238.4,1238.4,1238.4,1238.4,1238.4,1238.4,1238.4,1238.4,1238.4,1238.4,1238.4,1238.4,14860.8,0.8,1,0.64,20
9526.482248,8,2252.40595,296,526,1157.2,1157.2,1157.2,1157.2,1157.2,1157.2,1157.2,1157.2,1157.2,1157.2,1157.2,1157.2,13886.4,1.2,0.8,0.89,14
17766.48626,6,6789.246958,1173,574,861,861,861,861,861,861,861,861,861,861,861,861,10332,0.5,1,0.58,70
39095.80432,26,5583.202715,218,592,828.8,828.8,828.8,828.8,828.8,828.8,828.8,828.8,828.8,828.8,828.8,828.8,9945.6,0.4,1,0.25,33
71657.17638,6,2227.190922,371,364,436.8,436.8,436.8,436.8,436.8,436.8,436.8,436.8,436.8,436.8,436.8,436.8,5241.6,0.2,1,1.39,17
52573.89521,6,3991.435433,661,672,1209.6,1209.6,1209.6,1209.6,1209.6,1209.6,1209.6,1209.6,1209.6,1209.6,1209.6,1209.6,14515.2,0.8,1,1.43,16
88828.83679,81,49626.48206,611,542,216.8,216.8,216.8,216.8,216.8,216.8,216.8,216.8,216.8,216.8,216.8,216.8,2601.6,-0.6,0.82,0.86,33
43048.89302,9,24597.01919,2780,972,1166.4,1166.4,1166.4,1166.4,1166.4,1166.4,1166.4,1166.4,1166.4,1166.4,1166.4,1166.4,13996.8,0.2,0.82,1.07,62
19725.13695,26,7665.794059,292,744,1116,1116,1116,1116,1116,1116,1116,1116,1116,1116,1116,1116,13392,0.5,1,0.29,31
59302.89808,6,1314.908184,204,574,1262.8,1262.8,1262.8,1262.8,1262.8,1262.8,1262.8,1262.8,1262.8,1262.8,1262.8,1262.8,15153.6,1.2,1,0.78,12
28071.43638,27,1758.487365,66,704,844.8,844.8,844.8,844.8,844.8,844.8,844.8,844.8,844.8,844.8,844.8,844.8,10137.6,0.2,1,0.21,12
12797.36362,7,4386.465811,623,744,595.2,595.2,595.2,595.2,595.2,595.2,595.2,595.2,595.2,595.2,595.2,595.2,7142.4,-0.2,0.75,0.55,29
37557.19109,21,7605.95426,370,616,862.4,862.4,862.4,862.4,862.4,862.4,862.4,862.4,862.4,862.4,862.4,862.4,10348.8,0.4,1,0.63,23
45174.96376,16,3933.357085,242,170,306,306,306,306,306,306,306,306,306,306,306,306,3672,0.8,0.82,0.98,35
82649.02655,14,8983.802539,636,656,524.8,524.8,524.8,524.8,524.8,524.8,524.8,524.8,524.8,524.8,524.8,524.8,6297.6,-0.2,0.9,0.39,53
96539.69681,14,5855.362425,426,810,1215,1215,1215,1215,1215,1215,1215,1215,1215,1215,1215,1215,14580,0.5,1,0.52,23
35027.40025,7,9046.961932,1259,922,1475.2,1475.2,1475.2,1475.2,1475.2,1475.2,1475.2,1475.2,1475.2,1475.2,1475.2,1475.2,17702.4,0.6,0.82,1.16,27
87446.87055,6,3449.934768,579,858,343.2,343.2,343.2,343.2,343.2,343.2,343.2,343.2,343.2,343.2,343.2,343.2,4118.4,-0.6,0.82,0.44,27
8120.820974,9,3189.03277,345,794,1746.8,1746.8,1746.8,1746.8,1746.8,1746.8,1746.8,1746.8,1746.8,1746.8,1746.8,1746.8,20961.6,1.2,1,0.21,35
66650.70302,6,6476.508711,1024,946,1702.8,1702.8,1702.8,1702.8,1702.8,1702.8,1702.8,1702.8,1702.8,1702.8,1702.8,1702.8,20433.6,0.8,1,0.88,27
32462.07942,22,2365.59091,108,954,2385,2385,2385,2385,2385,2385,2385,2385,2385,2385,2385,2385,28620,1.5,1,0.18,13
4179.736314,21,11703.55218,546,996,597.6,597.6,597.6,597.6,597.6,597.6,597.6,597.6,597.6,597.6,597.6,597.6,7171.2,-0.4,0.82,0.34,33
49863.589,31,16879.36862,551,826,330.4,330.4,330.4,330.4,330.4,330.4,330.4,330.4,330.4,330.4,330.4,330.4,3964.8,-0.6,1,0.38,42
72091.99853,7,10385.71549,1439,890,1958,1958,1958,1958,1958,1958,1958,1958,1958,1958,1958,1958,23496,1.2,0.75,0.73,46
73887.80966,7,4264.205114,602,1416,3540,3540,3540,3540,3540,3540,3540,3540,3540,3540,3540,3540,42480,1.5,1,0.86,11
81868.63666,14,46339.15081,3369,1690,1352,1352,1352,1352,1352,1352,1352,1352,1352,1352,1352,1352,16224,-0.2,1,1.41,35
54211.1528,26,17667.11879,693,752,1353.6,1353.6,1353.6,1353.6,1353.6,1353.6,1353.6,1353.6,1353.6,1353.6,1353.6,1353.6,16243.2,0.8,0.9,0.68,33
13335.72458,7,10279.54362,1538,1416,849.6,849.6,849.6,849.6,849.6,849.6,849.6,849.6,849.6,849.6,849.6,849.6,10195.2,-0.4,1,0.82,29
76441.54962,7,1257.134627,188,526,1315,1315,1315,1315,1315,1315,1315,1315,1315,1315,1315,1315,15780,1.5,0.82,0.86,11
34274.56174,10,22858.95251,2191,1408,3520,3520,3520,3520,3520,3520,3520,3520,3520,3520,3520,3520,42240,1.5,1,1.13,33
48698.09401,22,14004.20457,631,1108,2770,2770,2770,2770,2770,2770,2770,2770,2770,2770,2770,2770,33240,1.5,0.71,0.28,33
55473.70414,9,3356.705036,387,1206,723.6,723.6,723.6,723.6,723.6,723.6,723.6,723.6,723.6,723.6,723.6,723.6,8683.2,-0.4,1,0.64,11
14203.87101,26,11750.6453,446,1148,2525.6,2525.6,2525.6,2525.6,2525.6,2525.6,2525.6,2525.6,2525.6,2525.6,2525.6,2525.6,30307.2,1.2,1,0.74,13
3430.48939,5,4302.96643,841,1270,2794,2794,2794,2794,2794,2794,2794,2794,2794,2794,2794,2794,33528,1.2,1,0.58,22
39413.5795,6,5794.333865,955,1294,2846.8,2846.8,2846.8,2846.8,2846.8,2846.8,2846.8,2846.8,2846.8,2846.8,2846.8,2846.8,34161.6,1.2,1,0.54,27
41010.12339,6,1129.530423,201,972,1360.8,1360.8,1360.8,1360.8,1360.8,1360.8,1360.8,1360.8,1360.8,1360.8,1360.8,1360.8,16329.6,0.4,1,0.32,13
23113.94007,21,10344.04713,482,672,1680,1680,1680,1680,1680,1680,1680,1680,1680,1680,1680,1680,20160,1.5,1,0.7,25
63816.3017,6,4455.730524,734,890,1424,1424,1424,1424,1424,1424,1424,1424,1424,1424,1424,1424,17088,0.6,0.83,0.6,27
97673.70719,6,6155.317089,1082,874,524.4,524.4,524.4,524.4,524.4,524.4,524.4,524.4,524.4,524.4,524.4,524.4,6292.8,-0.4,0.85,0.78,33
10741.3015,10,13948.91044,1350,1480,2368,2368,2368,2368,2368,2368,2368,2368,2368,2368,2368,2368,28416,0.6,1,0.98,22
75376.46112,6,6421.259031,1001,1318,2372.4,2372.4,2372.4,2372.4,2372.4,2372.4,2372.4,2372.4,2372.4,2372.4,2372.4,2372.4,28468.8,0.8,1,0.78,21
77020.25661,7,16240,2177,1480,444,444,444,444,444,444,444,444,444,444,444,444,5328,-0.7,1,0.73,31
62577.32088,7,8034.527228,1119,1270,381,381,381,381,381,381,381,381,381,381,381,381,4572,-0.7,1,0.55,33
60625.65298,6,5933.648473,977,1068,427.2,427.2,427.2,427.2,427.2,427.2,427.2,427.2,427.2,427.2,427.2,427.2,5126.4,-0.6,0.82,0.52,33
92222.6744,10,6258.369199,598,1270,2286,2286,2286,2286,2286,2286,2286,2286,2286,2286,2286,2286,27432,0.8,0.82,0.37,24
39287.16927,10,6167.057921,595,1302,1822.8,1822.8,1822.8,1822.8,1822.8,1822.8,1822.8,1822.8,1822.8,1822.8,1822.8,1822.8,21873.6,0.4,1,0.26,33
58137.15511,23,21980.24383,948,1562,2343,2343,2343,2343,2343,2343,2343,2343,2343,2343,2343,2343,28116,0.5,0.75,0.48,27
93125.36957,6,4377.289795,684,494,296.4,296.4,296.4,296.4,296.4,296.4,296.4,296.4,296.4,296.4,296.4,296.4,3556.8,-0.4,1,0.93,33
95346.79829,6,3360.484709,564,1520,2280,2280,2280,2280,2280,2280,2280,2280,2280,2280,2280,2280,27360,0.5,1,0.63,12
38413.66891,12,15445.82557,1246,1562,3436.4,3436.4,3436.4,3436.4,3436.4,3436.4,3436.4,3436.4,3436.4,3436.4,3436.4,3436.4,41236.8,1.2,1,0.16,85
32669.2864,7,14267.8487,2003,1916,1149.6,1149.6,1149.6,1149.6,1149.6,1149.6,1149.6,1149.6,1149.6,1149.6,1149.6,1149.6,13795.2,-0.4,0.75,0.91,25
88284.20088,8,51709.19476,6696,1860,2232,2232,2232,2232,2232,2232,2232,2232,2232,2232,2232,2232,26784,0.2,0.88,1.11,75
5602.445847,16,20868.32886,1330,1400,420,420,420,420,420,420,420,420,420,420,420,420,5040,-0.7,0.71,0.62,33
23279.88664,676,140154.2801,207,1674,3013.2,3013.2,3013.2,3013.2,3013.2,3013.2,3013.2,3013.2,3013.2,3013.2,3013.2,3013.2,36158.4,0.8,0.77,0.09,13
89401.79275,8,20132.87777,2659,1578,2209.2,2209.2,2209.2,2209.2,2209.2,2209.2,2209.2,2209.2,2209.2,2209.2,2209.2,2209.2,26510.4,0.4,1,1.49,27
31119.19079,8,4385.892009,579,1658,3647.6,3647.6,3647.6,3647.6,3647.6,3647.6,3647.6,3647.6,3647.6,3647.6,3647.6,3647.6,43771.2,1.2,1,0.69,11
50290.72633,32,9841.46427,306,1722,4305,4305,4305,4305,4305,4305,4305,4305,4305,4305,4305,4305,51660,1.5,0.82,0.27,13
87895.67422,7,6623.801939,1011,2304,1382.4,1382.4,1382.4,1382.4,1382.4,1382.4,1382.4,1382.4,1382.4,1382.4,1382.4,1382.4,16588.8,-0.4,1,0.88,11
95060.09803,17,8031.639144,481,1714,3085.2,3085.2,3085.2,3085.2,3085.2,3085.2,3085.2,3085.2,3085.2,3085.2,3085.2,3085.2,37022.4,0.8,1,0.5,13
81228.37722,35,21371.86278,604,1804,3968.8,3968.8,3968.8,3968.8,3968.8,3968.8,3968.8,3968.8,3968.8,3968.8,3968.8,3968.8,47625.6,1.2,1,0.22,35
3872.530019,7,8116.023598,1124,2200,1320,1320,1320,1320,1320,1320,1320,1320,1320,1320,1320,1320,15840,-0.4,1,0.88,13
49940.1708,36,74957.11719,2069,1950,3510,3510,3510,3510,3510,3510,3510,3510,3510,3510,3510,3510,42120,0.8,1,0.81,33
59279.79637,7,3540.380153,506,1424,1993.6,1993.6,1993.6,1993.6,1993.6,1993.6,1993.6,1993.6,1993.6,1993.6,1993.6,1993.6,23923.2,0.4,0.75,0.57,12
42518.77956,9,5762.789016,668,1958,4895,4895,4895,4895,4895,4895,4895,4895,4895,4895,4895,4895,58740,1.5,1,0.09,42
60161.15634,8,7147.797134,867,1536,2764.8,2764.8,2764.8,2764.8,2764.8,2764.8,2764.8,2764.8,2764.8,2764.8,2764.8,2764.8,33177.6,0.8,1,1.1,12
66491.66544,7,9989.463447,1391,1318,1054.4,1054.4,1054.4,1054.4,1054.4,1054.4,1054.4,1054.4,1054.4,1054.4,1054.4,1054.4,12652.8,-0.2,0.85,1.04,23
46174.19704,634,160463.2014,253,2240,4032,4032,4032,4032,4032,4032,4032,4032,4032,4032,4032,4032,48384,0.8,1,0.1,29
28074.48401,7,9764.257994,1363,2094,1675.2,1675.2,1675.2,1675.2,1675.2,1675.2,1675.2,1675.2,1675.2,1675.2,1675.2,1675.2,20102.4,-0.2,1,0.3,38
41023.89821,5,10804.47643,2142,2604,3124.8,3124.8,3124.8,3124.8,3124.8,3124.8,3124.8,3124.8,3124.8,3124.8,3124.8,3124.8,37497.6,0.2,0.8,0.26,40
18966.89772,8,10185.89322,1342,1230,1845,1845,1845,1845,1845,1845,1845,1845,1845,1845,1845,1845,22140,0.5,0.82,0.79,30
64934.32412,23,77217.58677,3311,2394,2872.8,2872.8,2872.8,2872.8,2872.8,2872.8,2872.8,2872.8,2872.8,2872.8,2872.8,2872.8,34473.6,0.2,0.75,0.32,80
65657.65403,5,5435.558529,1042,2038,4483.6,4483.6,4483.6,4483.6,4483.6,4483.6,4483.6,4483.6,4483.6,4483.6,4483.6,4483.6,53803.2,1.2,1,0.91,12
3242.202969,15,83210.49712,5608,2758,4964.4,4964.4,4964.4,4964.4,4964.4,4964.4,4964.4,4964.4,4964.4,4964.4,4964.4,4964.4,59572.8,0.8,0.87,0.34,122
16032.9716,9,32398.81433,3808,2790,4185,4185,4185,4185,4185,4185,4185,4185,4185,4185,4185,4185,50220,0.5,1,0.48,59
65391.11999,6,2485.998978,436,1408,2112,2112,2112,2112,2112,2112,2112,2112,2112,2112,2112,2112,25344,0.5,1,0.55,11
915.1744482,16,7028.538929,431,2362,4251.6,4251.6,4251.6,4251.6,4251.6,4251.6,4251.6,4251.6,4251.6,4251.6,4251.6,4251.6,51019.2,0.8,0.76,0.23,12
95063.5017,17,34018.63825,2042,3688,1475.2,1475.2,1475.2,1475.2,1475.2,1475.2,1475.2,1475.2,1475.2,1475.2,1475.2,1475.2,17702.4,-0.6,0.75,0.61,20
43454.37015,6,17354.31497,2975,2790,1674,1674,1674,1674,1674,1674,1674,1674,1674,1674,1674,1674,20088,-0.4,0.8,1.01,23
11682.12204,8,195467.8809,24168,2660,1064,1064,1064,1064,1064,1064,1064,1064,1064,1064,1064,1064,12768,-0.6,0.82,1.04,200
93594.20805,18,23537.84592,1339,3106,4348.4,4348.4,4348.4,4348.4,4348.4,4348.4,4348.4,4348.4,4348.4,4348.4,4348.4,4348.4,52180.8,0.4,0.93,0.21,40
88579.59732,7,4332.747702,603,2944,4416,4416,4416,4416,4416,4416,4416,4416,4416,4416,4416,4416,52992,0.5,0.77,0.25,11
49937.31222,8,12530.52069,1630,3098,3717.6,3717.6,3717.6,3717.6,3717.6,3717.6,3717.6,3717.6,3717.6,3717.6,3717.6,3717.6,44611.2,0.2,1,0.46,23
70551.67392,11,3134.087014,295,3194,4791,4791,4791,4791,4791,4791,4791,4791,4791,4791,4791,4791,57492,0.5,1,0.12,11
16747.70499,18,37143.53038,2113,4430,2658,2658,2658,2658,2658,2658,2658,2658,2658,2658,2658,2658,31896,-0.4,0.75,0.58,18
66606.75227,6,110267.8837,17945,2506,3007.2,3007.2,3007.2,3007.2,3007.2,3007.2,3007.2,3007.2,3007.2,3007.2,3007.2,3007.2,36086.4,0.2,0.8,1.44,115
88245.07882,7,7557.10726,1047,2886,1731.6,1731.6,1731.6,1731.6,1731.6,1731.6,1731.6,1731.6,1731.6,1731.6,1731.6,1731.6,20779.2,-0.4,0.78,0.68,11
90403.3881,7,29609.53259,4122,3436,7559.2,7559.2,7559.2,7559.2,7559.2,7559.2,7559.2,7559.2,7559.2,7559.2,7559.2,7559.2,90710.4,1.2,0.94,0.8,33
38791.91313,6,2856.411775,500,3194,2555.2,2555.2,2555.2,2555.2,2555.2,2555.2,2555.2,2555.2,2555.2,2555.2,2555.2,2555.2,30662.4,-0.2,1,0.13,13
98453.01234,7,23182.41521,3203,3792,9480,9480,9480,9480,9480,9480,9480,9480,9480,9480,9480,9480,113760,1.5,0.84,0.89,21
88657.84393,7,25451.36535,3485,2960,6512,6512,6512,6512,6512,6512,6512,6512,6512,6512,6512,6512,78144,1.2,1,0.88,30
77443.78208,10,14037.46981,1360,3840,3072,3072,3072,3072,3072,3072,3072,3072,3072,3072,3072,3072,36864,-0.2,1,0.3,23
99408.71991,7,21605.24559,3045,2556,3834,3834,3834,3834,3834,3834,3834,3834,3834,3834,3834,3834,46008,0.5,1,0.74,35
90839.04435,6,6315.031966,977,3680,1104,1104,1104,1104,1104,1104,1104,1104,1104,1104,1104,1104,13248,-0.7,1,0.37,13
46611.83305,8,14068.14746,1729,4512,3609.6,3609.6,3609.6,3609.6,3609.6,3609.6,3609.6,3609.6,3609.6,3609.6,3609.6,3609.6,43315.2,-0.2,1,0.78,11
9568.790692,7,1310.579451,179,914,1096.8,1096.8,1096.8,1096.8,1096.8,1096.8,1096.8,1096.8,1096.8,1096.8,1096.8,1096.8,13161.6,0.2,1,0.25,11
11902.9736,7,70479.53272,9762,4422,9728.4,9728.4,9728.4,9728.4,9728.4,9728.4,9728.4,9728.4,9728.4,9728.4,9728.4,9728.4,116740.8,1.2,1,1.03,49
51627.95997,7,13133.86067,1828,4852,6792.8,6792.8,6792.8,6792.8,6792.8,6792.8,6792.8,6792.8,6792.8,6792.8,6792.8,6792.8,81513.6,0.4,1,0.61,13
3527.394088,7,70923.28775,9874,4148,10370,10370,10370,10370,10370,10370,10370,10370,10370,10370,10370,10370,124440,1.5,1,0.63,80
77635.18409,9,25577.93278,2829,4956,5947.2,5947.2,5947.2,5947.2,5947.2,5947.2,5947.2,5947.2,5947.2,5947.2,5947.2,5947.2,71366.4,0.2,0.78,0.31,30
88457.06741,7,35930.2806,4806,4318,5181.6,5181.6,5181.6,5181.6,5181.6,5181.6,5181.6,5181.6,5181.6,5181.6,5181.6,5181.6,62179.2,0.2,1,0.36,58
16052.87843,6,18539.59911,3311,1844,553.2,553.2,553.2,553.2,553.2,553.2,553.2,553.2,553.2,553.2,553.2,553.2,6638.4,-0.7,1,0.62,58
83385.07533,10,74072.65535,7092,5668,14170,14170,14170,14170,14170,14170,14170,14170,14170,14170,14170,14170,170040,1.5,0.78,0.64,42
44410.82251,33,37132.23544,1135,6694,8032.8,8032.8,8032.8,8032.8,8032.8,8032.8,8032.8,8032.8,8032.8,8032.8,8032.8,8032.8,96393.6,0.2,1,0.37,11
1365.039104,12,31962.01211,2694,6282,7538.4,7538.4,7538.4,7538.4,7538.4,7538.4,7538.4,7538.4,7538.4,7538.4,7538.4,7538.4,90460.8,0.2,1,0.16,45
33414.02194,9,22841.05524,2619,5732,3439.2,3439.2,3439.2,3439.2,3439.2,3439.2,3439.2,3439.2,3439.2,3439.2,3439.2,3439.2,41270.4,-0.4,1,0.22,35
46788.20641,7,21457.44231,2972,7058,4234.8,4234.8,4234.8,4234.8,4234.8,4234.8,4234.8,4234.8,4234.8,4234.8,4234.8,4234.8,50817.6,-0.4,1,0.77,12
87706.61221,7,14235.72615,1982,7608,6086.4,6086.4,6086.4,6086.4,6086.4,6086.4,6086.4,6086.4,6086.4,6086.4,6086.4,6086.4,73036.8,-0.2,1,0.42,12
3557.786413,23,13541.00416,596,6606,2642.4,2642.4,2642.4,2642.4,2642.4,2642.4,2642.4,2642.4,2642.4,2642.4,2642.4,2642.4,31708.8,-0.6,1,0.15,12
22916.56386,25,47239.84551,1858,6986,10479,10479,10479,10479,10479,10479,10479,10479,10479,10479,10479,10479,125748,0.5,1,0.19,30
84762.58538,6,43361.77783,7672,6476,1942.8,1942.8,1942.8,1942.8,1942.8,1942.8,1942.8,1942.8,1942.8,1942.8,1942.8,1942.8,23313.6,-0.7,1,0.42,51
69878.71086,7,81314.60613,11320,6338,7605.6,7605.6,7605.6,7605.6,7605.6,7605.6,7605.6,7605.6,7605.6,7605.6,7605.6,7605.6,91267.2,0.2,1,0.51,71
26341.18401,7,25751.25511,3585,6598,2639.2,2639.2,2639.2,2639.2,2639.2,2639.2,2639.2,2639.2,2639.2,2639.2,2639.2,2639.2,31670.4,-0.6,1,0.47,23
2333.247696,7,52711.61829,7466,6776,10164,10164,10164,10164,10164,10164,10164,10164,10164,10164,10164,10164,121968,0.5,0.88,0.49,44
28063.98004,7,70972.28895,9969,10138,15207,15207,15207,15207,15207,15207,15207,15207,15207,15207,15207,15207,182484,0.5,1,0.68,31
49404.04188,22,130444.8951,5868,9766,21485.2,21485.2,21485.2,21485.2,21485.2,21485.2,21485.2,21485.2,21485.2,21485.2,21485.2,21485.2,257822.4,1.2,0.88,0.46,30
72433.88595,9,40204.01999,4272,8328,11659.2,11659.2,11659.2,11659.2,11659.2,11659.2,11659.2,11659.2,11659.2,11659.2,11659.2,11659.2,139910.4,0.4,1,0.25,37
34319.52555,7,191911.5258,25872,24882,62205,62205,62205,62205,62205,62205,62205,62205,62205,62205,62205,62205,746460,1.5,0.9,0.25,66
96256.89429,13,29591.74096,2307,6872,8246.4,8246.4,8246.4,8246.4,8246.4,8246.4,8246.4,8246.4,8246.4,8246.4,8246.4,8246.4,98956.8,0.2,1,0.21,30
31844.01405,6,212412.7546,34794,16532,23144.8,23144.8,23144.8,23144.8,23144.8,23144.8,23144.8,23144.8,23144.8,23144.8,23144.8,23144.8,277737.6,0.4,0.8,1.15,41
79482.93109,6,21842.3531,3916,7034,9847.6,9847.6,9847.6,9847.6,9847.6,9847.6,9847.6,9847.6,9847.6,9847.6,9847.6,9847.6,118171.2,0.4,1,0.28,31
44090.41583,12,39594.31015,3200,7050,15510,15510,15510,15510,15510,15510,15510,15510,15510,15510,15510,15510,186120,1.2,0.82,0.63,16
33510.5229,7,19773.03754,2773,7568,3027.2,3027.2,3027.2,3027.2,3027.2,3027.2,3027.2,3027.2,3027.2,3027.2,3027.2,3027.2,36326.4,-0.6,1,0.45,16
18112.22332,7,29621.55269,4093,8514,21285,21285,21285,21285,21285,21285,21285,21285,21285,21285,21285,21285,255420,1.5,1,0.4,23
46753.79928,7,134153.6013,17958,10040,15060,15060,15060,15060,15060,15060,15060,15060,15060,15060,15060,15060,180720,0.5,1,0.92,44
67855.63481,5,41942.38539,7719,8578,7720.2,7720.2,7720.2,7720.2,7720.2,7720.2,7720.2,7720.2,7720.2,7720.2,7720.2,7720.2,92642.4,-0.1,1,0.34,44
75128.79596,6,12787.98335,2286,8708,6966.4,6966.4,6966.4,6966.4,6966.4,6966.4,6966.4,6966.4,6966.4,6966.4,6966.4,6966.4,83596.8,-0.2,1,0.24,16
56242.56638,7,21078.56917,2994,8360,11704,11704,11704,11704,11704,11704,11704,11704,11704,11704,11704,11704,140448,0.4,1,0.21,26
7725.185229,8,70220.50387,8466,8496,10195.2,10195.2,10195.2,10195.2,10195.2,10195.2,10195.2,10195.2,10195.2,10195.2,10195.2,10195.2,122342.4,0.2,1,0.74,30
94862.77623,7,59745.28479,8387,10842,15178.8,15178.8,15178.8,15178.8,15178.8,15178.8,15178.8,15178.8,15178.8,15178.8,15178.8,15178.8,182145.6,0.4,1,0.73,23
79780.34904,6,46953.20477,8272,11230,10107,10107,10107,10107,10107,10107,10107,10107,10107,10107,10107,10107,121284,-0.1,1,0.73,21
56443.5394,7,26586.9349,3546,11408,9126.4,9126.4,9126.4,9126.4,9126.4,9126.4,9126.4,9126.4,9126.4,9126.4,9126.4,9126.4,109516.8,-0.2,1,0.13,30
12710.49911,7,27403.30013,3840,10436,3130.8,3130.8,3130.8,3130.8,3130.8,3130.8,3130.8,3130.8,3130.8,3130.8,3130.8,3130.8,37569.6,-0.7,1,0.27,23
40586.17221,14,89260.9681,6510,13356,33390,33390,33390,33390,33390,33390,33390,33390,33390,33390,33390,33390,400680,1.5,0.7,0.37,23
10198.98596,7,29473.2034,4103,11618,17427,17427,17427,17427,17427,17427,17427,17427,17427,17427,17427,17427,209124,0.5,0.91,0.42,16
11938.60819,30,91059.92594,2993,13032,15638.4,15638.4,15638.4,15638.4,15638.4,15638.4,15638.4,15638.4,15638.4,15638.4,15638.4,15638.4,187660.8,0.2,1,0.34,16
25890.6082,6,13447.73307,2231,3226,5806.8,5806.8,5806.8,5806.8,5806.8,5806.8,5806.8,5806.8,5806.8,5806.8,5806.8,5806.8,69681.6,0.8,0.75,0.92,16
81820.50532,7,24579.91568,3470,14292,4287.6,4287.6,4287.6,4287.6,4287.6,4287.6,4287.6,4287.6,4287.6,4287.6,4287.6,4287.6,51451.2,-0.7,0.88,0.36,12
84896.52428,8,98832.88487,12108,13776,16531.2,16531.2,16531.2,16531.2,16531.2,16531.2,16531.2,16531.2,16531.2,16531.2,16531.2,16531.2,198374.4,0.2,0.88,0.86,23
69336.6739,7,105195.2705,14884,14042,11233.6,11233.6,11233.6,11233.6,11233.6,11233.6,11233.6,11233.6,11233.6,11233.6,11233.6,11233.6,134803.2,-0.2,0.8,0.26,58
81689.65414,6,190999.4079,34008,15126,21176.4,21176.4,21176.4,21176.4,21176.4,21176.4,21176.4,21176.4,21176.4,21176.4,21176.4,21176.4,254116.8,0.4,0.87,0.57,76
96657.5001,6,29513.22312,4817,15020,9012,9012,9012,9012,9012,9012,9012,9012,9012,9012,9012,9012,108144,-0.4,0.85,0.12,23
4632.399445,6,53445.63312,9462,15990,22386,22386,22386,22386,22386,22386,22386,22386,22386,22386,22386,22386,268632,0.4,0.93,0.48,23
12618.77005,6,303071.3389,47774,15086,37715,37715,37715,37715,37715,37715,37715,37715,37715,37715,37715,37715,452580,1.5,0.87,0.26,181
5742.090902,30,41129.99106,1352,15676,23514,23514,23514,23514,23514,23514,23514,23514,23514,23514,23514,23514,282168,0.5,1,0.17,11
83005.11665,6,33597.36253,6017,15222,27399.6,27399.6,27399.6,27399.6,27399.6,27399.6,27399.6,27399.6,27399.6,27399.6,27399.6,27399.6,328795.2,0.8,1,0.26,23
82550.86699,8,123750.2047,16281,21520,30128,30128,30128,30128,30128,30128,30128,30128,30128,30128,30128,30128,361536,0.4,1,0.72,23
67689.42493,23,32969.81946,1435,17236,20683.2,20683.2,20683.2,20683.2,20683.2,20683.2,20683.2,20683.2,20683.2,20683.2,20683.2,20683.2,248198.4,0.2,1,0.09,16
29076.92688,7,43245.83888,5857,16426,22996.4,22996.4,22996.4,22996.4,22996.4,22996.4,22996.4,22996.4,22996.4,22996.4,22996.4,22996.4,275956.8,0.4,0.82,0.68,11
24320.22778,7,40566.69796,5494,17194,24071.6,24071.6,24071.6,24071.6,24071.6,24071.6,24071.6,24071.6,24071.6,24071.6,24071.6,24071.6,288859.2,0.4,1,0.22,23
87631.39657,7,227620.0581,32358,19498,48745,48745,48745,48745,48745,48745,48745,48745,48745,48745,48745,48745,584940,1.5,0.93,0.19,123
42076.92509,33,111239.6403,3399,21988,13192.8,13192.8,13192.8,13192.8,13192.8,13192.8,13192.8,13192.8,13192.8,13192.8,13192.8,13192.8,158313.6,-0.4,1,0.22,16
15371.66377,5,33895.44659,6404,18254,29206.4,29206.4,29206.4,29206.4,29206.4,29206.4,29206.4,29206.4,29206.4,29206.4,29206.4,29206.4,350476.8,0.6,0.87,0.35,16
64571.78884,7,59140.88861,7973,6808,8169.6,8169.6,8169.6,8169.6,8169.6,8169.6,8169.6,8169.6,8169.6,8169.6,8169.6,8169.6,98035.2,0.2,0.8,0.82,31
99691.56817,7,62109.28516,8809,27146,59721.2,59721.2,59721.2,59721.2,59721.2,59721.2,59721.2,59721.2,59721.2,59721.2,59721.2,59721.2,716654.4,1.2,1,0.38,16
56308.83258,7,101589.1993,13983,23864,33409.6,33409.6,33409.6,33409.6,33409.6,33409.6,33409.6,33409.6,33409.6,33409.6,33409.6,33409.6,400915.2,0.4,1,0.52,23
17877.58278,7,294228.1596,41151,25360,15216,15216,15216,15216,15216,15216,15216,15216,15216,15216,15216,15216,182592,-0.4,1,0.41,76
28358.53042,7,107730.57,14998,26322,65805,65805,65805,65805,65805,65805,65805,65805,65805,65805,65805,65805,789660,1.5,1,0.5,23
69432.77751,7,89797.18231,12351,44962,53954.4,53954.4,53954.4,53954.4,53954.4,53954.4,53954.4,53954.4,53954.4,53954.4,53954.4,53954.4,647452.8,0.2,0.81,0.47,11
85525.70369,6,80378.50117,13658,34082,61347.6,61347.6,61347.6,61347.6,61347.6,61347.6,61347.6,61347.6,61347.6,61347.6,61347.6,61347.6,736171.2,0.8,0.8,0.19,23
22511.99721,7,167861.1342,23621,50200,40160,40160,40160,40160,40160,40160,40160,40160,40160,40160,40160,40160,481920,-0.2,0.91,0.49,19
26570.05479,8,110715.501,14614,43280,51936,51936,51936,51936,51936,51936,51936,51936,51936,51936,51936,51936,623232,0.2,1,0.2,26
70313.2463,7,230548.2226,32245,41268,61902,61902,61902,61902,61902,61902,61902,61902,61902,61902,61902,61902,742824,0.5,0.9,0.3,44
20770.25794,7,461006.6038,65613,63530,57177,57177,57177,57177,57177,57177,57177,57177,57177,57177,57177,57177,686124,-0.1,1,0.16,87
21691.1655,8,310793.6574,41024,74014,88816.8,88816.8,88816.8,88816.8,88816.8,88816.8,88816.8,88816.8,88816.8,88816.8,88816.8,88816.8,1065801.6,0.2,1,0.49,23
64992.5687,8,1395586.717,181895,141812,198536.8,198536.8,198536.8,198536.8,198536.8,198536.8,198536.8,198536.8,198536.8,198536.8,198536.8,198536.8,2382441.6,0.4,1,0.37,66
59649.09941,7,544249.7771,74857,177324,265986,265986,265986,265986,265986,265986,265986,265986,265986,265986,265986,265986,3191832,0.5,1,0.17,35
36272.20584,5,334335.4562,63816,229786,505529.2,505529.2,505529.2,505529.2,505529.2,505529.2,505529.2,505529.2,505529.2,505529.2,505529.2,505529.2,6066350.4,1.2,0.92,0.12,21
56722.42673,5,4876665.14,925539,232324,278788.8,278788.8,278788.8,278788.8,278788.8,278788.8,278788.8,278788.8,278788.8,278788.8,278788.8,278788.8,3345465.6,0.2,1,0.6,130
40165.04498,14,64.6772133,4,10,9,9,9,9,9,9,9,9,9,9,9,9,108,-0.1,1,0.9,12
57581.14754,6,500.6344223,83,204,122.4,122.4,122.4,122.4,122.4,122.4,122.4,122.4,122.4,122.4,122.4,122.4,1468.8,-0.4,0.86,0.25,23
76674.36635,6,2593.037573,427,244,195.2,195.2,195.2,195.2,195.2,195.2,195.2,195.2,195.2,195.2,195.2,195.2,2342.4,-0.2,0.97,0.94,41
19580.97749,57,1791.98187,32,18,27,27,27,27,27,27,27,27,27,27,27,27,324,0.5,0.7,0.9,58
61839.11381,8,260.8919813,31,34,10.2,10.2,10.2,10.2,10.2,10.2,10.2,10.2,10.2,10.2,10.2,10.2,122.4,-0.7,0.82,0.9,23
65224.58208,5,1245.945749,244,284,227.2,227.2,227.2,227.2,227.2,227.2,227.2,227.2,227.2,227.2,227.2,227.2,2726.4,-0.2,0.9,0.7,30
81307.76995,199,17123.3231,86,10,6,6,6,6,6,6,6,6,6,6,6,6,72,-0.4,0.82,2.48,90
65502.95564,91,1104.975815,12,10,25,25,25,25,25,25,25,25,25,25,25,25,300,1.5,0.82,0.86,30
46022.17049,12,229.8254577,20,50,30,30,30,30,30,30,30,30,30,30,30,30,360,-0.4,1,0.25,30
19739.63902,25,64.12261277,3,10,22,22,22,22,22,22,22,22,22,22,22,22,264,1.2,1,0.25,23
75522.24675,9,898.7696983,103,42,50.4,50.4,50.4,50.4,50.4,50.4,50.4,50.4,50.4,50.4,50.4,50.4,604.8,0.2,1,1.68,30
19197.77684,16,855.5766688,53,10,15,15,15,15,15,15,15,15,15,15,15,15,180,0.5,0.83,1.52,73
38559.74417,14,68.2965741,5,10,8,8,8,8,8,8,8,8,8,8,8,8,96,-0.2,0.75,0.25,30
41967.30897,97,920.392352,10,10,18,18,18,18,18,18,18,18,18,18,18,18,216,0.8,0.82,0.25,66
17682.88126,87,341.950716,4,10,3,3,3,3,3,3,3,3,3,3,3,3,36,-0.7,0.71,0.25,26
57244.61443,223,566.3179585,3,10,14,14,14,14,14,14,14,14,14,14,14,14,168,0.4,1,0.25,26
62023.60436,6,1304.104869,217,106,63.6,63.6,63.6,63.6,63.6,63.6,63.6,63.6,63.6,63.6,63.6,63.6,763.2,-0.4,0.83,1.3,44
67684.2708,5,6415.652652,1241,170,51,51,51,51,51,51,51,51,51,51,51,51,612,-0.7,0.9,1.68,101
99188.33387,16,1067.110693,66,42,67.2,67.2,67.2,67.2,67.2,67.2,67.2,67.2,67.2,67.2,67.2,67.2,806.4,0.6,1,1.16,41
94413.99111,19,81.0515344,4,10,22,22,22,22,22,22,22,22,22,22,22,22,264,1.2,0.82,0.25,30
18407.77463,9,89.63338986,10,42,58.8,58.8,58.8,58.8,58.8,58.8,58.8,58.8,58.8,58.8,58.8,58.8,705.6,0.4,0.87,0.25,16
34253.56361,12,284.5800779,23,18,10.8,10.8,10.8,10.8,10.8,10.8,10.8,10.8,10.8,10.8,10.8,10.8,129.6,-0.4,0.94,1.04,30
52795.08937,93,1120.494764,12,10,12,12,12,12,12,12,12,12,12,12,12,12,144,0.2,1,1.23,31
23447.44641,8,1023.218639,131,34,20.4,20.4,20.4,20.4,20.4,20.4,20.4,20.4,20.4,20.4,20.4,20.4,244.8,-0.4,1,1.26,61
70200.57052,16,234.2716577,15,10,9,9,9,9,9,9,9,9,9,9,9,9,108,-0.1,1,1.59,23
67748.83664,12,157.0489216,13,10,25,25,25,25,25,25,25,25,25,25,25,25,300,1.5,0.71,1.03,30
6591.650064,23,234.781388,10,18,10.8,10.8,10.8,10.8,10.8,10.8,10.8,10.8,10.8,10.8,10.8,10.8,129.6,-0.4,1,0.87,16
34117.21829,5,90.72276412,18,34,61.2,61.2,61.2,61.2,61.2,61.2,61.2,61.2,61.2,61.2,61.2,61.2,734.4,0.8,1,0.25,30
35470.91724,12,181.1433889,15,74,44.4,44.4,44.4,44.4,44.4,44.4,44.4,44.4,44.4,44.4,44.4,44.4,532.8,-0.4,1,0.25,16
96716.7153,9,501.6236122,55,66,26.4,26.4,26.4,26.4,26.4,26.4,26.4,26.4,26.4,26.4,26.4,26.4,316.8,-0.6,0.78,1.23,16
93158.66933,13,151.5426307,11,10,25,25,25,25,25,25,25,25,25,25,25,25,300,1.5,1,0.87,31
39214.33263,5,247.3733118,49,42,33.6,33.6,33.6,33.6,33.6,33.6,33.6,33.6,33.6,33.6,33.6,33.6,403.2,-0.2,0.82,1.8,15
7120.092627,6,17.24694022,3,10,18,18,18,18,18,18,18,18,18,18,18,18,216,0.8,0.82,0.25,16
34784.80383,51,375.2788128,7,10,18,18,18,18,18,18,18,18,18,18,18,18,216,0.8,0.9,0.25,66
21448.01887,23,51.68089955,2,18,21.6,21.6,21.6,21.6,21.6,21.6,21.6,21.6,21.6,21.6,21.6,21.6,259.2,0.2,1,0.25,11
89304.32349,12,44.03994965,4,18,28.8,28.8,28.8,28.8,28.8,28.8,28.8,28.8,28.8,28.8,28.8,28.8,345.6,0.6,1,0.25,16
40688.08369,5,69.45577728,13,10,6,6,6,6,6,6,6,6,6,6,6,6,72,-0.4,1,1.95,16
13480.94554,8,509.7376872,62,34,40.8,40.8,40.8,40.8,40.8,40.8,40.8,40.8,40.8,40.8,40.8,40.8,489.6,0.2,0.7,1.91,23
46869.79545,13,402.9565926,30,18,39.6,39.6,39.6,39.6,39.6,39.6,39.6,39.6,39.6,39.6,39.6,39.6,475.2,1.2,0.82,1.09,37
92010.48054,8,364.9258767,44,18,16.2,16.2,16.2,16.2,16.2,16.2,16.2,16.2,16.2,16.2,16.2,16.2,194.4,-0.1,0.82,2.66,23
38731.46507,11,34.19245981,3,10,18,18,18,18,18,18,18,18,18,18,18,18,216,0.8,1,0.25,23
82235.37377,10,66.53067285,7,26,65,65,65,65,65,65,65,65,65,65,65,65,780,1.5,0.82,0.25,16
90957.94537,23,54.84388031,2,18,32.4,32.4,32.4,32.4,32.4,32.4,32.4,32.4,32.4,32.4,32.4,32.4,388.8,0.8,0.91,0.25,11
43977.12847,6,68.99228646,11,18,45,45,45,45,45,45,45,45,45,45,45,45,540,1.5,1,0.86,16
50997.24849,79,172.7823418,2,10,25,25,25,25,25,25,25,25,25,25,25,25,300,1.5,0.93,0.25,21
57225.68169,7,393.4865822,54,10,25,25,25,25,25,25,25,25,25,25,25,25,300,1.5,1,1.47,87
3741.109181,7,115.0058598,17,10,16,16,16,16,16,16,16,16,16,16,16,16,192,0.6,0.99,1.8,23
36412.69172,7,119.445768,16,18,27,27,27,27,27,27,27,27,27,27,27,27,324,0.5,1,1.23,17
783.9037727,29,248.6974362,8,10,22,22,22,22,22,22,22,22,22,22,22,22,264,1.2,0.84,1.34,16
24318.61343,11,115.3983533,10,10,16,16,16,16,16,16,16,16,16,16,16,16,192,0.6,1,1.6,16
44375.94425,20,225.4596095,11,10,18,18,18,18,18,18,18,18,18,18,18,18,216,0.8,1,1.8,16
44413.41443,5,19.31188828,4,10,16,16,16,16,16,16,16,16,16,16,16,16,192,0.6,1,0.25,21
27249.77679,6,157.3116977,26,18,39.6,39.6,39.6,39.6,39.6,39.6,39.6,39.6,39.6,39.6,39.6,39.6,475.2,1.2,0.76,1.25,26
12591.10447,8,117.7352137,16,18,27,27,27,27,27,27,27,27,27,27,27,27,324,0.5,1,0.25,58
18554.01969,8,46.688102,6,18,21.6,21.6,21.6,21.6,21.6,21.6,21.6,21.6,21.6,21.6,21.6,21.6,259.2,0.2,1,0.25,23
7328.011437,17,31.89517085,2,10,6,6,6,6,6,6,6,6,6,6,6,6,72,-0.4,1,0.25,16
60644.09712,23,477.1814843,21,10,15,15,15,15,15,15,15,15,15,15,15,15,180,0.5,1,1.28,41
33525.41556,20,398.4098653,20,10,25,25,25,25,25,25,25,25,25,25,25,25,300,1.5,0.76,2.18,23
37961.20578,10,340.8854064,36,10,6,6,6,6,6,6,6,6,6,6,6,6,72,-0.4,0.84,1.16,73
98390.26878,6,18.93038061,3,10,12,12,12,12,12,12,12,12,12,12,12,12,144,0.2,1,0.25,19
36030.96631,13,313.2830488,25,10,3,3,3,3,3,3,3,3,3,3,3,3,36,-0.7,1,0.95,63
88608.29211,13,198.5056453,15,10,14,14,14,14,14,14,14,14,14,14,14,14,168,0.4,0.89,1.6,23
76164.66068,31,54.67614305,2,10,8,8,8,8,8,8,8,8,8,8,8,8,96,-0.2,1,0.25,16
95500.49016,6,312.4421646,52,42,58.8,58.8,58.8,58.8,58.8,58.8,58.8,58.8,58.8,58.8,58.8,58.8,705.6,0.4,0.84,1.84,16
86427.24351,6,29.73874278,5,10,18,18,18,18,18,18,18,18,18,18,18,18,216,0.8,0.94,0.25,30
46285.29314,7,85.96560117,13,10,12,12,12,12,12,12,12,12,12,12,12,12,144,0.2,1,0.9,31
55912.04181,5,160.6762246,30,10,6,6,6,6,6,6,6,6,6,6,6,6,72,-0.4,0.77,1.54,44
41393.25239,424,41.01086326,0,10,6,6,6,6,6,6,6,6,6,6,6,6,72,-0.4,1,0.25,1
14959.28489,30,94.84809834,3,18,10.8,10.8,10.8,10.8,10.8,10.8,10.8,10.8,10.8,10.8,10.8,10.8,129.6,-0.4,1,0.25,16
6729.404205,12,24.57284143,2,10,9,9,9,9,9,9,9,9,9,9,9,9,108,-0.1,1,0.25,16
691.0125995,6,4.047403733,1,10,16,16,16,16,16,16,16,16,16,16,16,16,192,0.6,1,0.25,4
9969.623746,10,5.461282415,1,10,18,18,18,18,18,18,18,18,18,18,18,18,216,0.8,1,0.25,4
76995.05268,6,3.858860532,1,10,22,22,22,22,22,22,22,22,22,22,22,22,264,1.2,1,0.25,4
7728.237731,74,15.03065825,0,10,15,15,15,15,15,15,15,15,15,15,15,15,180,0.5,1,0.25,2
61807.91734,23,53.21426328,2,10,14,14,14,14,14,14,14,14,14,14,14,14,168,0.4,1,1.47,4
20058.57596,466,45.02975731,0,10,12,12,12,12,12,12,12,12,12,12,12,12,144,0.2,1,0.25,1
38.49898826,373,129.9308154,0,18,45,45,45,45,45,45,45,45,45,45,45,45,540,1.5,1,0.25,2
59027.20799,24,296.3694446,12,26,57.2,57.2,57.2,57.2,57.2,57.2,57.2,57.2,57.2,57.2,57.2,57.2,686.4,1.2,0.83,0.25,36
41123.51408,17,6.009802191,0,10,22,22,22,22,22,22,22,22,22,22,22,22,264,1.2,1,0.25,3
6377.506286,267,1040.550055,4,10,12,12,12,12,12,12,12,12,12,12,12,12,144,0.2,1,0.25,49
68729.12159,577,7718.093865,13,10,6,6,6,6,6,6,6,6,6,6,6,6,72,-0.4,1,1.34,26
15171.17002,54,11.23608017,0,10,12,12,12,12,12,12,12,12,12,12,12,12,144,0.2,1,0.25,2
90461.4167,207,40.47508104,0,10,16,16,16,16,16,16,16,16,16,16,16,16,192,0.6,1,0.25,2
56400.75485,383,540.9639534,1,10,12,12,12,12,12,12,12,12,12,12,12,12,144,0.2,0.88,0.91,4
56366.72822,99,296.9737356,3,10,6,6,6,6,6,6,6,6,6,6,6,6,72,-0.4,1,0.25,30
55.95166091,27,551.4226714,20,18,10.8,10.8,10.8,10.8,10.8,10.8,10.8,10.8,10.8,10.8,10.8,10.8,129.6,-0.4,1,1.8,16
23375.12566,48,80.39836933,2,10,15,15,15,15,15,15,15,15,15,15,15,15,180,0.5,1,0.25,16
53825.93435,10,37.60026359,4,10,6,6,6,6,6,6,6,6,6,6,6,6,72,-0.4,1,1.8,5
54641.93821,143,864.6030124,6,10,22,22,22,22,22,22,22,22,22,22,22,22,264,1.2,1,0.88,15
73648.21102,19,35.71500533,2,10,12,12,12,12,12,12,12,12,12,12,12,12,144,0.2,1,0.25,16
94612.03893,25,45.33708667,2,10,8,8,8,8,8,8,8,8,8,8,8,8,96,-0.2,1,0.25,16
12629.01671,363,5006.379654,14,10,14,14,14,14,14,14,14,14,14,14,14,14,168,0.4,1,0.97,37
78354.19965,37,38.86861267,1,10,25,25,25,25,25,25,25,25,25,25,25,25,300,1.5,1,1.33,2
15199.53512,20,27.61300992,1,10,14,14,14,14,14,14,14,14,14,14,14,14,168,0.4,1,0.25,12
954.1068846,49,308.0883325,6,10,6,6,6,6,6,6,6,6,6,6,6,6,72,-0.4,0.82,1.47,11
9530.401133,49,372.7481916,8,10,14,14,14,14,14,14,14,14,14,14,14,14,168,0.4,1,1.8,11
67013.58459,6,30.15848334,5,10,12,12,12,12,12,12,12,12,12,12,12,12,144,0.2,1,1.9,6
94992.44171,6,33.1653574,6,10,22,22,22,22,22,22,22,22,22,22,22,22,264,1.2,1,2.33,6
48155.2649,11,56.8174545,5,18,45,45,45,45,45,45,45,45,45,45,45,45,540,1.5,0.71,0.25,16
80696.93523,27,438.2019067,17,10,9,9,9,9,9,9,9,9,9,9,9,9,108,-0.1,1,1.62,26
22667.03678,12,516.8148053,43,42,50.4,50.4,50.4,50.4,50.4,50.4,50.4,50.4,50.4,50.4,50.4,50.4,604.8,0.2,1,1.6,16
43279.22621,85,983.0846498,12,10,6,6,6,6,6,6,6,6,6,6,6,6,72,-0.4,1,0.97,26
79135.88516,25,306.5030163,12,10,3,3,3,3,3,3,3,3,3,3,3,3,36,-0.7,1,1.95,16
88599.52275,1943,33956.07381,17,10,16,16,16,16,16,16,16,16,16,16,16,16,192,0.6,0.83,1.33,34
21917.13829,59,119.7191243,2,18,21.6,21.6,21.6,21.6,21.6,21.6,21.6,21.6,21.6,21.6,21.6,21.6,259.2,0.2,1,0.25,11
43831.07434,13,63.87172351,5,10,4,4,4,4,4,4,4,4,4,4,4,4,48,-0.6,0.82,2,6
45570.45261,6,600,94,10,3,3,3,3,3,3,3,3,3,3,3,3,36,-0.7,1,0.25,6
30363.57703,16,21.74613442,1,18,45,45,45,45,45,45,45,45,45,45,45,45,540,1.5,0.95,0.25,6
50888.71464,12,17.18045797,1,18,21.6,21.6,21.6,21.6,21.6,21.6,21.6,21.6,21.6,21.6,21.6,21.6,259.2,0.2,1,0.25,6
47556.58701,120,308.3173127,3,10,15,15,15,15,15,15,15,15,15,15,15,15,180,0.5,1,0.25,26
64312.54785,7,14.76514923,2,10,15,15,15,15,15,15,15,15,15,15,15,15,180,0.5,1,1,5
77284.04906,12,30.66947665,3,10,12,12,12,12,12,12,12,12,12,12,12,12,144,0.2,1,1.23,5
24479.56596,20,41.26541253,2,10,8,8,8,8,8,8,8,8,8,8,8,8,96,-0.2,1,2.62,2
16763.75203,15,52.8986832,4,18,7.2,7.2,7.2,7.2,7.2,7.2,7.2,7.2,7.2,7.2,7.2,7.2,86.4,-0.6,1,0.25,16
34756.29703,8,64.35454565,9,18,21.6,21.6,21.6,21.6,21.6,21.6,21.6,21.6,21.6,21.6,21.6,21.6,259.2,0.2,0.85,2.33,5
39358.36771,5,12.16804761,2,10,12,12,12,12,12,12,12,12,12,12,12,12,144,0.2,1,0.98,5
55930.93798,6,8.103612,1,10,25,25,25,25,25,25,25,25,25,25,25,25,300,1.5,1,0.25,8
28439.44014,17,58.474218,3,18,32.4,32.4,32.4,32.4,32.4,32.4,32.4,32.4,32.4,32.4,32.4,32.4,388.8,0.8,1,0.25,16
56490.52412,20,187.9480017,9,10,3,3,3,3,3,3,3,3,3,3,3,3,36,-0.7,0.84,1.47,16
14719.85298,18,41.66905133,2,18,39.6,39.6,39.6,39.6,39.6,39.6,39.6,39.6,39.6,39.6,39.6,39.6,475.2,1.2,1,0.25,11
66054.84358,12,44.5946952,4,18,39.6,39.6,39.6,39.6,39.6,39.6,39.6,39.6,39.6,39.6,39.6,39.6,475.2,1.2,1,0.25,16
58730.32383,10,27.64124303,3,18,27,27,27,27,27,27,27,27,27,27,27,27,324,0.5,1,0.25,11
46476.69875,24,355.1994988,15,10,25,25,25,25,25,25,25,25,25,25,25,25,300,1.5,1,0.95,39
87976.94761,404,7513.597803,19,10,18,18,18,18,18,18,18,18,18,18,18,18,216,0.8,1,1.73,28
30213.94562,108,3385.443899,31,10,6,6,6,6,6,6,6,6,6,6,6,6,72,-0.4,1,2.48,33
72973.15103,6,26.88986792,4,18,21.6,21.6,21.6,21.6,21.6,21.6,21.6,21.6,21.6,21.6,21.6,21.6,259.2,0.2,1,0.91,6
52567.94807,341,16943.67739,50,18,28.8,28.8,28.8,28.8,28.8,28.8,28.8,28.8,28.8,28.8,28.8,28.8,345.6,0.6,0.82,2.66,27
60451.34082,64,355.5902988,6,34,74.8,74.8,74.8,74.8,74.8,74.8,74.8,74.8,74.8,74.8,74.8,74.8,897.6,1.2,1,0.25,16
64530.52671,21,62.3840723,3,10,8,8,8,8,8,8,8,8,8,8,8,8,96,-0.2,1,0.25,26
96146.75067,52,376.8499293,7,10,25,25,25,25,25,25,25,25,25,25,25,25,300,1.5,0.86,0.25,62
79018.36345,6,51.27036545,8,26,57.2,57.2,57.2,57.2,57.2,57.2,57.2,57.2,57.2,57.2,57.2,57.2,686.4,1.2,0.75,1.4,5
15232.50738,11,341.3881481,31,26,36.4,36.4,36.4,36.4,36.4,36.4,36.4,36.4,36.4,36.4,36.4,36.4,436.8,0.4,1,1.85,16
19063.58305,7,6.70149667,1,10,18,18,18,18,18,18,18,18,18,18,18,18,216,0.8,1,0.25,6
80571.43174,29,354.7884947,12,10,18,18,18,18,18,18,18,18,18,18,18,18,216,0.8,1,1.99,16
30410.16398,7,10.99203444,2,26,31.2,31.2,31.2,31.2,31.2,31.2,31.2,31.2,31.2,31.2,31.2,31.2,374.4,0.2,1,0.25,4
69987.86978,49,542.7907986,11,10,15,15,15,15,15,15,15,15,15,15,15,15,180,0.5,1,1.08,26
27235.48519,20,88.82239438,5,26,39,39,39,39,39,39,39,39,39,39,39,39,468,0.5,1,0.25,15
47774.47444,18,81.59347625,5,26,36.4,36.4,36.4,36.4,36.4,36.4,36.4,36.4,36.4,36.4,36.4,36.4,436.8,0.4,1,0.25,15
98580.99493,11,72.84197847,7,18,16.2,16.2,16.2,16.2,16.2,16.2,16.2,16.2,16.2,16.2,16.2,16.2,194.4,-0.1,1,1.54,6
95331.43224,54,733.3621457,13,10,18,18,18,18,18,18,18,18,18,18,18,18,216,0.8,1,1.84,16
36565.19569,13,26.04355243,2,26,39,39,39,39,39,39,39,39,39,39,39,39,468,0.5,1,0.25,6
41048.75817,29,2289.026914,78,26,15.6,15.6,15.6,15.6,15.6,15.6,15.6,15.6,15.6,15.6,15.6,15.6,187.2,-0.4,0.82,2.48,31
464.3319328,47,63.27032499,1,26,15.6,15.6,15.6,15.6,15.6,15.6,15.6,15.6,15.6,15.6,15.6,15.6,187.2,-0.4,1,0.25,5
35267.43038,9,78.84298359,8,18,28.8,28.8,28.8,28.8,28.8,28.8,28.8,28.8,28.8,28.8,28.8,28.8,345.6,0.6,0.88,2.33,5
27512.51028,8,34.90568662,4,18,25.2,25.2,25.2,25.2,25.2,25.2,25.2,25.2,25.2,25.2,25.2,25.2,302.4,0.4,1,1.07,5
56381.89685,19,498.2791251,27,26,31.2,31.2,31.2,31.2,31.2,31.2,31.2,31.2,31.2,31.2,31.2,31.2,374.4,0.2,0.81,1.6,16
31914.83882,5,16.17467735,3,10,12,12,12,12,12,12,12,12,12,12,12,12,144,0.2,1,1.36,5
12363.61215,12,270,23,10,4,4,4,4,4,4,4,4,4,4,4,4,48,-0.6,1,1.1,5
43037.22453,9,36.74979568,4,18,25.2,25.2,25.2,25.2,25.2,25.2,25.2,25.2,25.2,25.2,25.2,25.2,302.4,0.4,0.8,1.06,5
38771.24903,591,2975.377835,5,10,15,15,15,15,15,15,15,15,15,15,15,15,180,0.5,1,0.82,16
1762.612105,7,42.27383776,6,10,6,6,6,6,6,6,6,6,6,6,6,6,72,-0.4,1,0.86,16
21546.18424,7,41.76570753,6,10,6,6,6,6,6,6,6,6,6,6,6,6,72,-0.4,0.89,0.86,16
18049.7595,7,4200,618,10,4,4,4,4,4,4,4,4,4,4,4,4,48,-0.6,1,0.86,16
45282.24361,9,1087.914803,116,42,37.8,37.8,37.8,37.8,37.8,37.8,37.8,37.8,37.8,37.8,37.8,37.8,453.6,-0.1,1,1.99,29
4089.249082,24,56.95373786,2,10,14,14,14,14,14,14,14,14,14,14,14,14,168,0.4,1,0.25,21
31911.81543,16,44.0698381,3,10,18,18,18,18,18,18,18,18,18,18,18,18,216,0.8,1,1.15,6
620.6222247,10,26.03914177,3,10,18,18,18,18,18,18,18,18,18,18,18,18,216,0.8,0.78,0.25,16
34071.13627,35,60.75877867,2,10,9,9,9,9,9,9,9,9,9,9,9,9,108,-0.1,1,0.25,16
55007.58459,32,845.2269812,26,18,10.8,10.8,10.8,10.8,10.8,10.8,10.8,10.8,10.8,10.8,10.8,10.8,129.6,-0.4,1,1.2,26
98805.82762,117,1151.089837,10,10,8,8,8,8,8,8,8,8,8,8,8,8,96,-0.2,1,1.15,27
52859.72379,9,6.371831367,1,10,18,18,18,18,18,18,18,18,18,18,18,18,216,0.8,1,0.25,5
87198.89708,72,998.1881156,14,18,21.6,21.6,21.6,21.6,21.6,21.6,21.6,21.6,21.6,21.6,21.6,21.6,259.2,0.2,0.75,0.82,28
29651.51183,54,265.542295,5,18,32.4,32.4,32.4,32.4,32.4,32.4,32.4,32.4,32.4,32.4,32.4,32.4,388.8,0.8,1,0.43,16
88147.35741,20,67.371348,3,18,10.8,10.8,10.8,10.8,10.8,10.8,10.8,10.8,10.8,10.8,10.8,10.8,129.6,-0.4,1,0.25,16
98139.37454,52,168.8442942,3,26,57.2,57.2,57.2,57.2,57.2,57.2,57.2,57.2,57.2,57.2,57.2,57.2,686.4,1.2,1,0.25,12
33392.71067,12,98.19262933,8,10,25,25,25,25,25,25,25,25,25,25,25,25,300,1.5,1,1.2,16
78998.63826,11,252.5413005,22,18,10.8,10.8,10.8,10.8,10.8,10.8,10.8,10.8,10.8,10.8,10.8,10.8,129.6,-0.4,1,1.14,26
58947.41564,90,1398.114195,16,10,18,18,18,18,18,18,18,18,18,18,18,18,216,0.8,1,1.22,28
57739.66091,213,7344.882721,35,26,39,39,39,39,39,39,39,39,39,39,39,39,468,0.5,1,1.15,30
93675.6505,13,113.3293319,8,34,54.4,54.4,54.4,54.4,54.4,54.4,54.4,54.4,54.4,54.4,54.4,54.4,652.8,0.6,1,1.22,5
32008.61935,8,42.99501571,5,10,8,8,8,8,8,8,8,8,8,8,8,8,96,-0.2,1,1.15,11
36559.455,9,206.238878,22,18,45,45,45,45,45,45,45,45,45,45,45,45,540,1.5,1,1.03,28
84789.38357,22,1014.84793,45,26,7.8,7.8,7.8,7.8,7.8,7.8,7.8,7.8,7.8,7.8,7.8,7.8,93.6,-0.7,1,1.33,28
42665.16393,149,1634.051175,11,18,39.6,39.6,39.6,39.6,39.6,39.6,39.6,39.6,39.6,39.6,39.6,39.6,475.2,1.2,1,1.29,15
48705.02696,6,6.612623117,1,34,20.4,20.4,20.4,20.4,20.4,20.4,20.4,20.4,20.4,20.4,20.4,20.4,244.8,-0.4,0.9,0.25,2
40938.78716,139,4698.912942,34,26,31.2,31.2,31.2,31.2,31.2,31.2,31.2,31.2,31.2,31.2,31.2,31.2,374.4,0.2,0.82,1.24,27
14533.14101,14,391.8664999,29,34,30.6,30.6,30.6,30.6,30.6,30.6,30.6,30.6,30.6,30.6,30.6,30.6,367.2,-0.1,0.85,0.25,60
9752.603397,2149,176954.9545,82,26,39,39,39,39,39,39,39,39,39,39,39,39,468,0.5,1,1.62,51
19029.92505,22,108.5335726,5,26,15.6,15.6,15.6,15.6,15.6,15.6,15.6,15.6,15.6,15.6,15.6,15.6,187.2,-0.4,0.92,0.25,16
12395.24249,48,436.5999117,9,10,9,9,9,9,9,9,9,9,9,9,9,9,108,-0.1,1,1.47,16
12171.83778,5,6180,1188,42,16.8,16.8,16.8,16.8,16.8,16.8,16.8,16.8,16.8,16.8,16.8,16.8,201.6,-0.6,1,0.25,16
94721.9698,79,5597.920865,71,42,16.8,16.8,16.8,16.8,16.8,16.8,16.8,16.8,16.8,16.8,16.8,16.8,201.6,-0.6,1,1.36,32
14522.11341,7,97.66880527,13,34,74.8,74.8,74.8,74.8,74.8,74.8,74.8,74.8,74.8,74.8,74.8,74.8,897.6,1.2,1,0.25,26
74649.14349,104,21676.10065,208,66,118.8,118.8,118.8,118.8,118.8,118.8,118.8,118.8,118.8,118.8,118.8,118.8,1425.6,0.8,1,2.48,33
45418.91071,10,1602.644454,157,98,215.6,215.6,215.6,215.6,215.6,215.6,215.6,215.6,215.6,215.6,215.6,215.6,2587.2,1.2,1,2.33,21
88000.72498,11,16.98125163,2,18,28.8,28.8,28.8,28.8,28.8,28.8,28.8,28.8,28.8,28.8,28.8,28.8,345.6,0.6,0.82,1,2
26362.66432,33,268.6094329,8,18,25.2,25.2,25.2,25.2,25.2,25.2,25.2,25.2,25.2,25.2,25.2,25.2,302.4,0.4,1,1.05,11
47789.22905,9,73.97488974,8,26,15.6,15.6,15.6,15.6,15.6,15.6,15.6,15.6,15.6,15.6,15.6,15.6,187.2,-0.4,0.8,1.22,6
30107.5998,8,243.6825517,29,26,65,65,65,65,65,65,65,65,65,65,65,65,780,1.5,1,1,26
86637.3065,81,735.5963925,9,26,15.6,15.6,15.6,15.6,15.6,15.6,15.6,15.6,15.6,15.6,15.6,15.6,187.2,-0.4,1,0.5,15
74104.54331,74,3612.302939,49,34,13.6,13.6,13.6,13.6,13.6,13.6,13.6,13.6,13.6,13.6,13.6,13.6,163.2,-0.6,1,1.43,26
77196.3111,15,563.7562323,36,18,27,27,27,27,27,27,27,27,27,27,27,27,324,0.5,1,1.4,36
58978.24688,6,20.23383369,4,10,6,6,6,6,6,6,6,6,6,6,6,6,72,-0.4,1,1.35,6
12212.94799,67,3000.692412,45,34,13.6,13.6,13.6,13.6,13.6,13.6,13.6,13.6,13.6,13.6,13.6,13.6,163.2,-0.6,1,1.21,28
93229.43546,126,3097.85976,25,26,41.6,41.6,41.6,41.6,41.6,41.6,41.6,41.6,41.6,41.6,41.6,41.6,499.2,0.6,1,0.87,28
65577.39399,157,3237.348586,21,10,18,18,18,18,18,18,18,18,18,18,18,18,216,0.8,0.75,1.9,28
34243.07841,138,1739.127516,13,26,20.8,20.8,20.8,20.8,20.8,20.8,20.8,20.8,20.8,20.8,20.8,20.8,249.6,-0.2,1,0.85,18
46291.06205,8,146.1714239,18,26,7.8,7.8,7.8,7.8,7.8,7.8,7.8,7.8,7.8,7.8,7.8,7.8,93.6,-0.7,1,1.02,16
83455.34766,98,103.9706914,1,42,67.2,67.2,67.2,67.2,67.2,67.2,67.2,67.2,67.2,67.2,67.2,67.2,806.4,0.6,0.8,0.25,2
27891.95579,7,3700,497,18,7.2,7.2,7.2,7.2,7.2,7.2,7.2,7.2,7.2,7.2,7.2,7.2,86.4,-0.6,0.88,1.04,6
59233.22299,7,144.9810713,20,42,75.6,75.6,75.6,75.6,75.6,75.6,75.6,75.6,75.6,75.6,75.6,75.6,907.2,0.8,1,0.25,31
28089.68138,131,6515.17508,50,26,36.4,36.4,36.4,36.4,36.4,36.4,36.4,36.4,36.4,36.4,36.4,36.4,436.8,0.4,1,1.03,48
26011.98886,19,60.10180922,3,10,9,9,9,9,9,9,9,9,9,9,9,9,108,-0.1,1,1.6,5
62746.01188,14,53.6901335,4,26,65,65,65,65,65,65,65,65,65,65,65,65,780,1.5,1,1.24,3
36000.41446,64,1564.828375,24,34,47.6,47.6,47.6,47.6,47.6,47.6,47.6,47.6,47.6,47.6,47.6,47.6,571.2,0.4,1,1.41,16
18282.02917,10,39.25592726,4,18,27,27,27,27,27,27,27,27,27,27,27,27,324,0.5,1,0.25,16
43920.82602,25,199.1556666,8,18,32.4,32.4,32.4,32.4,32.4,32.4,32.4,32.4,32.4,32.4,32.4,32.4,388.8,0.8,1,1,11
80866.55668,8,49.18992269,6,26,39,39,39,39,39,39,39,39,39,39,39,39,468,0.5,1,0.25,16
9615.943625,33,147.4209602,4,26,39,39,39,39,39,39,39,39,39,39,39,39,468,0.5,1,0.25,16
75533.75393,94,1012.429346,11,10,14,14,14,14,14,14,14,14,14,14,14,14,168,0.4,1,1.47,16
12826.95597,3576,109974.8989,31,26,10.4,10.4,10.4,10.4,10.4,10.4,10.4,10.4,10.4,10.4,10.4,10.4,124.8,-0.6,0.75,0.82,36
58772.0459,6,48.01683648,8,26,36.4,36.4,36.4,36.4,36.4,36.4,36.4,36.4,36.4,36.4,36.4,36.4,436.8,0.4,1,1.44,5
54644.76441,12,264.6491946,22,26,39,39,39,39,39,39,39,39,39,39,39,39,468,0.5,0.8,0.91,22
39482.28093,20,408.6209872,20,10,18,18,18,18,18,18,18,18,18,18,18,18,216,0.8,1,1.7,30
67961.41145,142,4417.453853,31,34,10.2,10.2,10.2,10.2,10.2,10.2,10.2,10.2,10.2,10.2,10.2,10.2,122.4,-0.7,0.82,0.86,27
5065.188283,10,473.6786023,47,34,85,85,85,85,85,85,85,85,85,85,85,85,1020,1.5,0.9,1.62,21
80733.80677,5,71.66914527,14,10,8,8,8,8,8,8,8,8,8,8,8,8,96,-0.2,1,1.22,25
61146.71844,8,36.20536187,5,10,12,12,12,12,12,12,12,12,12,12,12,12,144,0.2,1,1.39,8
90478.79893,25,858.5468831,34,34,51,51,51,51,51,51,51,51,51,51,51,51,612,0.5,1,1.33,16
95932.29197,7,31.03413064,5,50,125,125,125,125,125,125,125,125,125,125,125,125,1500,1.5,1,0.25,6
88791.26165,18,400.0660491,22,18,16.2,16.2,16.2,16.2,16.2,16.2,16.2,16.2,16.2,16.2,16.2,16.2,194.4,-0.1,0.88,1.9,16
97384.75969,9,106.0036604,12,50,70,70,70,70,70,70,70,70,70,70,70,70,840,0.4,0.82,0.25,15
44081.15571,21,179.7712125,9,50,110,110,110,110,110,110,110,110,110,110,110,110,1320,1.2,1,0.25,15
48256.78768,6,138.1496238,22,26,65,65,65,65,65,65,65,65,65,65,65,65,780,1.5,1,1.8,11
36569.78261,7,6.246190985,1,10,18,18,18,18,18,18,18,18,18,18,18,18,216,0.8,1,0.25,6
84269.57277,9,56.80305803,6,18,32.4,32.4,32.4,32.4,32.4,32.4,32.4,32.4,32.4,32.4,32.4,32.4,388.8,0.8,0.75,1.38,6
5146.411327,8,160.423465,19,18,5.4,5.4,5.4,5.4,5.4,5.4,5.4,5.4,5.4,5.4,5.4,5.4,64.8,-0.7,1,1.6,16
31118.55338,5,32.07482678,6,58,34.8,34.8,34.8,34.8,34.8,34.8,34.8,34.8,34.8,34.8,34.8,34.8,417.6,-0.4,1,0.25,6
37528.55824,15,524.6251492,35,26,31.2,31.2,31.2,31.2,31.2,31.2,31.2,31.2,31.2,31.2,31.2,31.2,374.4,0.2,1,1.19,28
47743.74185,26,1003.22167,38,34,27.2,27.2,27.2,27.2,27.2,27.2,27.2,27.2,27.2,27.2,27.2,27.2,326.4,-0.2,1,1.51,16
64810.32298,80,3644.889966,46,34,74.8,74.8,74.8,74.8,74.8,74.8,74.8,74.8,74.8,74.8,74.8,74.8,897.6,1.2,0.85,0.95,36
2080.125369,10,144.4508093,15,42,92.4,92.4,92.4,92.4,92.4,92.4,92.4,92.4,92.4,92.4,92.4,92.4,1108.8,1.2,0.83,1.42,6
91056.89356,11,448.8202105,41,26,46.8,46.8,46.8,46.8,46.8,46.8,46.8,46.8,46.8,46.8,46.8,46.8,561.6,0.8,1,1.78,22
24189.22483,33,132.8511208,4,26,65,65,65,65,65,65,65,65,65,65,65,65,780,1.5,0.75,0.74,5
93217.39909,104,7635.421066,73,58,69.6,69.6,69.6,69.6,69.6,69.6,69.6,69.6,69.6,69.6,69.6,69.6,835.2,0.2,0.77,0.96,33
415.6140404,103,2896.301746,28,34,51,51,51,51,51,51,51,51,51,51,51,51,612,0.5,1,0.82,26
39377.98911,14,504.8687741,37,42,92.4,92.4,92.4,92.4,92.4,92.4,92.4,92.4,92.4,92.4,92.4,92.4,1108.8,1.2,1,0.8,26
34249.81368,211,168.7069572,1,34,20.4,20.4,20.4,20.4,20.4,20.4,20.4,20.4,20.4,20.4,20.4,20.4,244.8,-0.4,1,0.2,3
62442.85336,100,11772.21558,118,50,45,45,45,45,45,45,45,45,45,45,45,45,540,-0.1,0.74,1.84,33
4614.838536,10,95.58529913,9,34,30.6,30.6,30.6,30.6,30.6,30.6,30.6,30.6,30.6,30.6,30.6,30.6,367.2,-0.1,1,0.8,8
7222.37229,8,80.53457132,10,34,85,85,85,85,85,85,85,85,85,85,85,85,1020,1.5,1,0.8,8
14387.29467,9,88.19988022,10,34,40.8,40.8,40.8,40.8,40.8,40.8,40.8,40.8,40.8,40.8,40.8,40.8,489.6,0.2,0.91,0.8,8
472.5036415,7,67.05058197,10,34,40.8,40.8,40.8,40.8,40.8,40.8,40.8,40.8,40.8,40.8,40.8,40.8,489.6,0.2,1,0.8,8
99727.35474,8,79.4697628,10,34,74.8,74.8,74.8,74.8,74.8,74.8,74.8,74.8,74.8,74.8,74.8,74.8,897.6,1.2,1,0.8,8
24970.73488,6,59.14877061,10,34,20.4,20.4,20.4,20.4,20.4,20.4,20.4,20.4,20.4,20.4,20.4,20.4,244.8,-0.4,1,0.8,8
34368.34819,10,93.79117432,10,34,74.8,74.8,74.8,74.8,74.8,74.8,74.8,74.8,74.8,74.8,74.8,74.8,897.6,1.2,0.88,0.8,8
73377.32315,8,78.79215738,10,34,20.4,20.4,20.4,20.4,20.4,20.4,20.4,20.4,20.4,20.4,20.4,20.4,244.8,-0.4,1,0.8,8
58745.50168,26,564.2972015,21,66,92.4,92.4,92.4,92.4,92.4,92.4,92.4,92.4,92.4,92.4,92.4,92.4,1108.8,0.4,0.92,0.25,28
82534.17776,12,287.9390356,24,42,50.4,50.4,50.4,50.4,50.4,50.4,50.4,50.4,50.4,50.4,50.4,50.4,604.8,0.2,1,0.63,21
27828.58878,48,1506.525989,31,34,30.6,30.6,30.6,30.6,30.6,30.6,30.6,30.6,30.6,30.6,30.6,30.6,367.2,-0.1,1,1.06,27
59196.26073,15,264.1328756,18,34,30.6,30.6,30.6,30.6,30.6,30.6,30.6,30.6,30.6,30.6,30.6,30.6,367.2,-0.1,0.97,1.06,12
43035.68842,35,2621.008671,74,58,34.8,34.8,34.8,34.8,34.8,34.8,34.8,34.8,34.8,34.8,34.8,34.8,417.6,-0.4,1,1.16,28
83101.39768,74,136.3274951,2,42,50.4,50.4,50.4,50.4,50.4,50.4,50.4,50.4,50.4,50.4,50.4,50.4,604.8,0.2,0.82,0.53,2
48407.04413,5,54.59684931,10,50,30,30,30,30,30,30,30,30,30,30,30,30,360,-0.4,1,0.86,5
29029.65481,14,564.3738249,42,50,90,90,90,90,90,90,90,90,90,90,90,90,1080,0.8,0.8,1.27,16
51278.72571,11,45.74473699,4,18,21.6,21.6,21.6,21.6,21.6,21.6,21.6,21.6,21.6,21.6,21.6,21.6,259.2,0.2,1,0.9,6
78912.73121,92,437.3736884,5,26,15.6,15.6,15.6,15.6,15.6,15.6,15.6,15.6,15.6,15.6,15.6,15.6,187.2,-0.4,1,1.58,3
37695.82788,12,348.6620029,28,26,31.2,31.2,31.2,31.2,31.2,31.2,31.2,31.2,31.2,31.2,31.2,31.2,374.4,0.2,1,3.46,8
85652.9908,36,269.6129324,7,42,58.8,58.8,58.8,58.8,58.8,58.8,58.8,58.8,58.8,58.8,58.8,58.8,705.6,0.4,1,0.89,5
76699.4284,11,108.1214323,10,26,36.4,36.4,36.4,36.4,36.4,36.4,36.4,36.4,36.4,36.4,36.4,36.4,436.8,0.4,1,1.5,6
24373.99537,11,586.4121865,53,42,50.4,50.4,50.4,50.4,50.4,50.4,50.4,50.4,50.4,50.4,50.4,50.4,604.8,0.2,0.96,1.95,16
49076.64577,7,147.0991231,21,18,21.6,21.6,21.6,21.6,21.6,21.6,21.6,21.6,21.6,21.6,21.6,21.6,259.2,0.2,1,1.72,16
14103.03964,38,1293.295005,34,26,57.2,57.2,57.2,57.2,57.2,57.2,57.2,57.2,57.2,57.2,57.2,57.2,686.4,1.2,0.94,1.12,36
50165.03928,16,295.5242832,19,34,61.2,61.2,61.2,61.2,61.2,61.2,61.2,61.2,61.2,61.2,61.2,61.2,734.4,0.8,0.9,0.82,16
45624.17289,10,534.3347172,56,42,75.6,75.6,75.6,75.6,75.6,75.6,75.6,75.6,75.6,75.6,75.6,75.6,907.2,0.8,0.82,1.16,27
98191.86268,6,33.06650515,6,26,15.6,15.6,15.6,15.6,15.6,15.6,15.6,15.6,15.6,15.6,15.6,15.6,187.2,-0.4,1,1.25,4
36637.88988,7,41.01753972,6,26,31.2,31.2,31.2,31.2,31.2,31.2,31.2,31.2,31.2,31.2,31.2,31.2,374.4,0.2,1,1.25,4
82599.30915,6,398.5984872,63,58,145,145,145,145,145,145,145,145,145,145,145,145,1740,1.5,1,0.84,28
1390.773049,9,147.3224951,16,42,37.8,37.8,37.8,37.8,37.8,37.8,37.8,37.8,37.8,37.8,37.8,37.8,453.6,-0.1,1,0.51,16
84351.60936,90,3475.661031,39,34,51,51,51,51,51,51,51,51,51,51,51,51,612,0.5,1,1.05,28
53101.94765,29,914.7516337,31,34,20.4,20.4,20.4,20.4,20.4,20.4,20.4,20.4,20.4,20.4,20.4,20.4,244.8,-0.4,1,0.85,23
43367.37952,7,282.3373851,41,34,40.8,40.8,40.8,40.8,40.8,40.8,40.8,40.8,40.8,40.8,40.8,40.8,489.6,0.2,0.75,1.81,16
99367.07905,23,206.5368515,9,18,21.6,21.6,21.6,21.6,21.6,21.6,21.6,21.6,21.6,21.6,21.6,21.6,259.2,0.2,1,1.23,10
81266.55764,7,25.6559822,4,10,22,22,22,22,22,22,22,22,22,22,22,22,264,1.2,0.91,1.53,6
32963.11452,8,78.0351264,10,42,92.4,92.4,92.4,92.4,92.4,92.4,92.4,92.4,92.4,92.4,92.4,92.4,1108.8,1.2,1,0.25,16
47021.69046,9,342.0931157,40,26,31.2,31.2,31.2,31.2,31.2,31.2,31.2,31.2,31.2,31.2,31.2,31.2,374.4,0.2,0.75,2.54,15
34854.65502,8,332.3630396,40,26,46.8,46.8,46.8,46.8,46.8,46.8,46.8,46.8,46.8,46.8,46.8,46.8,561.6,0.8,1,2.54,15
32226.87369,8,332.7162058,40,26,57.2,57.2,57.2,57.2,57.2,57.2,57.2,57.2,57.2,57.2,57.2,57.2,686.4,1.2,0.88,2.54,15
22029.78736,7,291.5598128,40,26,31.2,31.2,31.2,31.2,31.2,31.2,31.2,31.2,31.2,31.2,31.2,31.2,374.4,0.2,1,2.54,15
47004.24269,7,291.5598128,40,26,65,65,65,65,65,65,65,65,65,65,65,65,780,1.5,1,2.54,15
25867.0554,7,291.5598128,40,26,39,39,39,39,39,39,39,39,39,39,39,39,468,0.5,1,2.54,15
91628.00789,8,315.3340978,40,26,15.6,15.6,15.6,15.6,15.6,15.6,15.6,15.6,15.6,15.6,15.6,15.6,187.2,-0.4,0.8,2.54,15
66241.69921,8,320.9381361,40,26,20.8,20.8,20.8,20.8,20.8,20.8,20.8,20.8,20.8,20.8,20.8,20.8,249.6,-0.2,1,2.54,15
14944.90422,8,320.9381361,40,26,31.2,31.2,31.2,31.2,31.2,31.2,31.2,31.2,31.2,31.2,31.2,31.2,374.4,0.2,1,2.54,15
32581.97004,9,341.3382221,40,26,20.8,20.8,20.8,20.8,20.8,20.8,20.8,20.8,20.8,20.8,20.8,20.8,249.6,-0.2,0.82,2.54,15
76899.60135,9,340.5236849,40,26,36.4,36.4,36.4,36.4,36.4,36.4,36.4,36.4,36.4,36.4,36.4,36.4,436.8,0.4,1,2.54,15
34485.09543,9,342.155814,40,26,57.2,57.2,57.2,57.2,57.2,57.2,57.2,57.2,57.2,57.2,57.2,57.2,686.4,1.2,1,2.54,15
77841.39491,8,301.5738595,40,26,15.6,15.6,15.6,15.6,15.6,15.6,15.6,15.6,15.6,15.6,15.6,15.6,187.2,-0.4,0.9,2.54,15
32279.6737,8,301.3525873,40,26,57.2,57.2,57.2,57.2,57.2,57.2,57.2,57.2,57.2,57.2,57.2,57.2,686.4,1.2,1,2.54,15
55973.83445,10,168.1216855,17,18,39.6,39.6,39.6,39.6,39.6,39.6,39.6,39.6,39.6,39.6,39.6,39.6,475.2,1.2,1,1.08,21
46566.80195,20,588.7873061,29,42,92.4,92.4,92.4,92.4,92.4,92.4,92.4,92.4,92.4,92.4,92.4,92.4,1108.8,1.2,1,0.57,29
8263.863572,95,8084.36205,85,42,92.4,92.4,92.4,92.4,92.4,92.4,92.4,92.4,92.4,92.4,92.4,92.4,1108.8,1.2,1,1.38,38
62332.91036,30,1028.993315,34,50,45,45,45,45,45,45,45,45,45,45,45,45,540,-0.1,1,1.33,16
55949.49666,35,1010.585693,29,34,85,85,85,85,85,85,85,85,85,85,85,85,1020,1.5,0.83,0.77,33
12151.20378,93,1067.258954,11,50,125,125,125,125,125,125,125,125,125,125,125,125,1500,1.5,1,0.25,28
80557.19668,13,202.7763019,15,58,46.4,46.4,46.4,46.4,46.4,46.4,46.4,46.4,46.4,46.4,46.4,46.4,556.8,-0.2,0.78,0.76,8
34296.63758,11,153.9701611,15,50,90,90,90,90,90,90,90,90,90,90,90,90,1080,0.8,0.89,1.17,6
78367.93562,233,18542.52536,80,50,70,70,70,70,70,70,70,70,70,70,70,70,840,0.4,1,1.43,29
75543.6224,106,7335.316488,69,74,88.8,88.8,88.8,88.8,88.8,88.8,88.8,88.8,88.8,88.8,88.8,88.8,1065.6,0.2,1,0.86,28
77655.76465,21,287.7003771,14,74,133.2,133.2,133.2,133.2,133.2,133.2,133.2,133.2,133.2,133.2,133.2,133.2,1598.4,0.8,1,0.25,16
17003.45786,7,30.65019161,4,10,25,25,25,25,25,25,25,25,25,25,25,25,300,1.5,1,1.23,8
34364.44188,9,37.25518366,4,10,8,8,8,8,8,8,8,8,8,8,8,8,96,-0.2,1,1.23,8
60638.94864,14,57.27770132,4,10,4,4,4,4,4,4,4,4,4,4,4,4,48,-0.6,0.75,1.23,8
56543.00904,80,6027.224486,75,58,69.6,69.6,69.6,69.6,69.6,69.6,69.6,69.6,69.6,69.6,69.6,69.6,835.2,0.2,0.82,1.03,32
21469.85934,74,5056.07982,69,58,46.4,46.4,46.4,46.4,46.4,46.4,46.4,46.4,46.4,46.4,46.4,46.4,556.8,-0.2,1,1.09,28
2177.326658,24,1154.402309,49,50,30,30,30,30,30,30,30,30,30,30,30,30,360,-0.4,0.82,1.9,16
63748.76854,35,273.4972901,8,58,17.4,17.4,17.4,17.4,17.4,17.4,17.4,17.4,17.4,17.4,17.4,17.4,208.8,-0.7,0.83,0.66,5
30587.57995,27,277.0348842,10,114,136.8,136.8,136.8,136.8,136.8,136.8,136.8,136.8,136.8,136.8,136.8,136.8,1641.6,0.2,0.96,1.13,2
10654.13136,10,200.6537595,20,26,46.8,46.8,46.8,46.8,46.8,46.8,46.8,46.8,46.8,46.8,46.8,46.8,561.6,0.8,0.94,1.14,16
9166.740085,16,541.5979796,33,66,52.8,52.8,52.8,52.8,52.8,52.8,52.8,52.8,52.8,52.8,52.8,52.8,633.6,-0.2,1,1.56,8
81582.05838,28,369.2088639,13,42,37.8,37.8,37.8,37.8,37.8,37.8,37.8,37.8,37.8,37.8,37.8,37.8,453.6,-0.1,0.91,0.69,11
68.43051657,76,6875.745104,90,82,65.6,65.6,65.6,65.6,65.6,65.6,65.6,65.6,65.6,65.6,65.6,65.6,787.2,-0.2,1,1.35,21
45397.09928,115,4703.853059,41,50,40,40,40,40,40,40,40,40,40,40,40,40,480,-0.2,1,1.32,16
46724.82287,5,99.23634303,18,50,70,70,70,70,70,70,70,70,70,70,70,70,840,0.4,0.9,1,8
79805.55301,10,174.6538281,17,50,90,90,90,90,90,90,90,90,90,90,90,90,1080,0.8,1,1,8
34471.12391,11,184.5395281,17,50,75,75,75,75,75,75,75,75,75,75,75,75,900,0.5,1,1,8
24295.59651,32,402.3603696,13,50,90,90,90,90,90,90,90,90,90,90,90,90,1080,0.8,0.89,0.36,16
63597.9838,7,204.3064414,28,26,57.2,57.2,57.2,57.2,57.2,57.2,57.2,57.2,57.2,57.2,57.2,57.2,686.4,1.2,1,1.6,16
80417.46676,12,253.158451,21,106,127.2,127.2,127.2,127.2,127.2,127.2,127.2,127.2,127.2,127.2,127.2,127.2,1526.4,0.2,0.96,0.25,15
25454.28311,9,128.3691583,14,82,114.8,114.8,114.8,114.8,114.8,114.8,114.8,114.8,114.8,114.8,114.8,114.8,1377.6,0.4,1,0.8,5
71418.1479,8,1194.798674,157,66,79.2,79.2,79.2,79.2,79.2,79.2,79.2,79.2,79.2,79.2,79.2,79.2,950.4,0.2,1,0.46,88
53420.79036,19,1428.749116,76,90,162,162,162,162,162,162,162,162,162,162,162,162,1944,0.8,1,1.11,16
61732.08199,110,5017.302955,46,34,20.4,20.4,20.4,20.4,20.4,20.4,20.4,20.4,20.4,20.4,20.4,20.4,244.8,-0.4,1,0.91,38
38857.4034,9,82.24274274,9,66,92.4,92.4,92.4,92.4,92.4,92.4,92.4,92.4,92.4,92.4,92.4,92.4,1108.8,0.4,1,0.58,5
21236.62438,6,502.1936573,85,34,61.2,61.2,61.2,61.2,61.2,61.2,61.2,61.2,61.2,61.2,61.2,61.2,734.4,0.8,0.9,1.23,46
59069.77943,12,256.5797144,21,26,31.2,31.2,31.2,31.2,31.2,31.2,31.2,31.2,31.2,31.2,31.2,31.2,374.4,0.2,1,3.46,6
81817.28921,98,10889.34778,111,90,27,27,27,27,27,27,27,27,27,27,27,27,324,-0.7,0.75,0.93,33
12691.7175,41,6217.158044,151,122,268.4,268.4,268.4,268.4,268.4,268.4,268.4,268.4,268.4,268.4,268.4,268.4,3220.8,1.2,0.94,2.13,15
40124.79589,9,108.6573291,12,34,27.2,27.2,27.2,27.2,27.2,27.2,27.2,27.2,27.2,27.2,27.2,27.2,326.4,-0.2,0.94,1.43,6
97338.85973,5,85.78445667,17,26,36.4,36.4,36.4,36.4,36.4,36.4,36.4,36.4,36.4,36.4,36.4,36.4,436.8,0.4,1,1.33,11
59822.64397,13,101.3170025,8,34,54.4,54.4,54.4,54.4,54.4,54.4,54.4,54.4,54.4,54.4,54.4,54.4,652.8,0.6,1,0.92,6
7788.562856,15,159.4345305,10,42,63,63,63,63,63,63,63,63,63,63,63,63,756,0.5,0.84,1,6
89743.47696,26,97.77935028,4,42,25.2,25.2,25.2,25.2,25.2,25.2,25.2,25.2,25.2,25.2,25.2,25.2,302.4,-0.4,1,0.25,8
91128.90038,6,366.7670378,62,66,165,165,165,165,165,165,165,165,165,165,165,165,1980,1.5,1,1.36,16
53890.45119,27,1039.350335,39,74,66.6,66.6,66.6,66.6,66.6,66.6,66.6,66.6,66.6,66.6,66.6,66.6,799.2,-0.1,1,1.01,16
54983.43548,11,187.8123871,18,74,59.2,59.2,59.2,59.2,59.2,59.2,59.2,59.2,59.2,59.2,59.2,59.2,710.4,-0.2,1,0.94,6
59065.7381,8,999.6049265,124,74,133.2,133.2,133.2,133.2,133.2,133.2,133.2,133.2,133.2,133.2,133.2,133.2,1598.4,0.8,1,0.84,38
33231.01826,10,293.3681466,29,82,147.6,147.6,147.6,147.6,147.6,147.6,147.6,147.6,147.6,147.6,147.6,147.6,1771.2,0.8,0.86,1.03,8
50420.98956,140,8086.606986,58,74,88.8,88.8,88.8,88.8,88.8,88.8,88.8,88.8,88.8,88.8,88.8,88.8,1065.6,0.2,1,0.72,28
20232.45783,9,125.7100201,15,74,44.4,44.4,44.4,44.4,44.4,44.4,44.4,44.4,44.4,44.4,44.4,44.4,532.8,-0.4,0.94,0.91,5
33926.56945,12,261.677933,22,90,225,225,225,225,225,225,225,225,225,225,225,225,2700,1.5,0.82,0.96,6
76184.56936,12,99.89949043,8,34,40.8,40.8,40.8,40.8,40.8,40.8,40.8,40.8,40.8,40.8,40.8,40.8,489.6,0.2,0.96,0.95,6
20237.86945,59,1470.334197,25,58,104.4,104.4,104.4,104.4,104.4,104.4,104.4,104.4,104.4,104.4,104.4,104.4,1252.8,0.8,1,1.23,11
93398.35281,6,123.3650446,19,66,39.6,39.6,39.6,39.6,39.6,39.6,39.6,39.6,39.6,39.6,39.6,39.6,475.2,-0.4,0.82,0.25,16
63038.37697,11,346.650596,30,114,250.8,250.8,250.8,250.8,250.8,250.8,250.8,250.8,250.8,250.8,250.8,250.8,3009.6,1.2,1,1.3,5
3131.117452,9,151.1285829,16,66,118.8,118.8,118.8,118.8,118.8,118.8,118.8,118.8,118.8,118.8,118.8,118.8,1425.6,0.8,0.82,1.14,5
55467.27121,12,175.5699006,15,82,49.2,49.2,49.2,49.2,49.2,49.2,49.2,49.2,49.2,49.2,49.2,49.2,590.4,-0.4,1,0.84,5
51310.78553,19,861.4730526,46,66,79.2,79.2,79.2,79.2,79.2,79.2,79.2,79.2,79.2,79.2,79.2,79.2,950.4,0.2,1,0.68,21
11965.10355,9,436.6419525,50,98,176.4,176.4,176.4,176.4,176.4,176.4,176.4,176.4,176.4,176.4,176.4,176.4,2116.8,0.8,1,1.1,11
96062.58778,13,1149.0494,92,90,162,162,162,162,162,162,162,162,162,162,162,162,1944,0.8,1,1.95,16
31835.0261,8,844.2034383,112,130,234,234,234,234,234,234,234,234,234,234,234,234,2808,0.8,0.95,1.05,16
27385.06481,122,10244.12962,84,98,117.6,117.6,117.6,117.6,117.6,117.6,117.6,117.6,117.6,117.6,117.6,117.6,1411.2,0.2,1,0.76,29
73865.19729,10,774.7441765,75,66,39.6,39.6,39.6,39.6,39.6,39.6,39.6,39.6,39.6,39.6,39.6,39.6,475.2,-0.4,0.91,1.57,15
78037.70635,94,3354.337294,36,34,30.6,30.6,30.6,30.6,30.6,30.6,30.6,30.6,30.6,30.6,30.6,30.6,367.2,-0.1,0.94,0.82,33
12439.48501,14,1016.240739,72,50,30,30,30,30,30,30,30,30,30,30,30,30,360,-0.4,0.82,1.9,16
59135.77287,23,1060.302096,46,42,16.8,16.8,16.8,16.8,16.8,16.8,16.8,16.8,16.8,16.8,16.8,16.8,201.6,-0.6,0.97,1.47,16
19294.75574,12,123.20382,10,50,125,125,125,125,125,125,125,125,125,125,125,125,1500,1.5,0.97,0.25,16
31773.45426,12,2817.945753,232,138,165.6,165.6,165.6,165.6,165.6,165.6,165.6,165.6,165.6,165.6,165.6,165.6,1987.2,0.2,1,2.66,16
23682.79807,6,322.3652707,54,58,69.6,69.6,69.6,69.6,69.6,69.6,69.6,69.6,69.6,69.6,69.6,69.6,835.2,0.2,0.9,0.98,21
65445.767,8,112.043968,14,42,63,63,63,63,63,63,63,63,63,63,63,63,756,0.5,1,1.35,6
97836.37886,8,427.5945095,54,82,205,205,205,205,205,205,205,205,205,205,205,205,2460,1.5,1,0.53,26
56216.19554,18,1110.525072,61,82,98.4,98.4,98.4,98.4,98.4,98.4,98.4,98.4,98.4,98.4,98.4,98.4,1180.8,0.2,1,0.53,28
78535.81499,11,42.94351745,4,18,10.8,10.8,10.8,10.8,10.8,10.8,10.8,10.8,10.8,10.8,10.8,10.8,129.6,-0.4,0.97,0.25,16
4776.122885,20,1226.334387,61,82,180.4,180.4,180.4,180.4,180.4,180.4,180.4,180.4,180.4,180.4,180.4,180.4,2164.8,1.2,0.8,0.54,26
16190.15576,37,339.6931313,9,58,145,145,145,145,145,145,145,145,145,145,145,145,1740,1.5,1,0.25,15
5565.194267,6,242.2256137,39,58,127.6,127.6,127.6,127.6,127.6,127.6,127.6,127.6,127.6,127.6,127.6,127.6,1531.2,1.2,1,0.92,16
68070.96884,28,1380.289269,50,90,135,135,135,135,135,135,135,135,135,135,135,135,1620,0.5,1,0.73,16
77925.24545,41,1648.48651,40,74,185,185,185,185,185,185,185,185,185,185,185,185,2220,1.5,1,0.8,21
46633.95719,8,408.4774504,49,82,24.6,24.6,24.6,24.6,24.6,24.6,24.6,24.6,24.6,24.6,24.6,24.6,295.2,-0.7,0.94,0.85,16
18262.6529,21,81.15094386,4,34,51,51,51,51,51,51,51,51,51,51,51,51,612,0.5,1,1.42,2
60925.83975,9,160.6729886,18,74,29.6,29.6,29.6,29.6,29.6,29.6,29.6,29.6,29.6,29.6,29.6,29.6,355.2,-0.6,0.95,0.94,6
70828.31315,9,96.61889187,11,58,34.8,34.8,34.8,34.8,34.8,34.8,34.8,34.8,34.8,34.8,34.8,34.8,417.6,-0.4,0.75,0.68,6
6622.805149,16,1138.166223,71,58,34.8,34.8,34.8,34.8,34.8,34.8,34.8,34.8,34.8,34.8,34.8,34.8,417.6,-0.4,1,3.46,11
87383.01663,14,602.847168,43,42,37.8,37.8,37.8,37.8,37.8,37.8,37.8,37.8,37.8,37.8,37.8,37.8,453.6,-0.1,1,1.6,16
47546.81561,8,370.7783834,44,42,75.6,75.6,75.6,75.6,75.6,75.6,75.6,75.6,75.6,75.6,75.6,75.6,907.2,0.8,1,1.6,16
1449.195854,7,588.5459027,90,58,46.4,46.4,46.4,46.4,46.4,46.4,46.4,46.4,46.4,46.4,46.4,46.4,556.8,-0.2,0.97,2.54,15
63934.82728,8,387.4644026,49,170,306,306,306,306,306,306,306,306,306,306,306,306,3672,0.8,0.77,0.25,16
84079.24587,39,1591.902972,40,90,135,135,135,135,135,135,135,135,135,135,135,135,1620,0.5,1,0.87,16
83605.04193,37,1324.27206,35,50,30,30,30,30,30,30,30,30,30,30,30,30,360,-0.4,1,0.53,28
92397.65944,9,66.04487995,7,42,25.2,25.2,25.2,25.2,25.2,25.2,25.2,25.2,25.2,25.2,25.2,25.2,302.4,-0.4,1,0.76,5
89374.89194,7,269.9984167,38,98,215.6,215.6,215.6,215.6,215.6,215.6,215.6,215.6,215.6,215.6,215.6,215.6,2587.2,1.2,1,0.77,11
20851.90804,10,437.3492715,43,82,114.8,114.8,114.8,114.8,114.8,114.8,114.8,114.8,114.8,114.8,114.8,114.8,1377.6,0.4,1,0.76,16
79546.86262,14,716.5941193,52,82,73.8,73.8,73.8,73.8,73.8,73.8,73.8,73.8,73.8,73.8,73.8,73.8,885.6,-0.1,0.75,0.76,16
72252.52323,14,582.3096109,42,82,73.8,73.8,73.8,73.8,73.8,73.8,73.8,73.8,73.8,73.8,73.8,73.8,885.6,-0.1,0.91,0.76,16
32381.69299,11,457.1245478,43,82,98.4,98.4,98.4,98.4,98.4,98.4,98.4,98.4,98.4,98.4,98.4,98.4,1180.8,0.2,0.93,0.76,16
64875.31789,8,1338.947235,163,82,65.6,65.6,65.6,65.6,65.6,65.6,65.6,65.6,65.6,65.6,65.6,65.6,787.2,-0.2,0.96,0.75,72
51368.02512,11,340.8822422,31,106,127.2,127.2,127.2,127.2,127.2,127.2,127.2,127.2,127.2,127.2,127.2,127.2,1526.4,0.2,0.94,0.87,8
64151.56084,7,114.9835537,18,98,215.6,215.6,215.6,215.6,215.6,215.6,215.6,215.6,215.6,215.6,215.6,215.6,2587.2,1.2,1,0.78,5
41610.36305,9,140.3872983,16,74,66.6,66.6,66.6,66.6,66.6,66.6,66.6,66.6,66.6,66.6,66.6,66.6,799.2,-0.1,1,1.01,5
82785.40808,11,2531.270801,221,186,409.2,409.2,409.2,409.2,409.2,409.2,409.2,409.2,409.2,409.2,409.2,409.2,4910.4,1.2,0.97,1.85,16
98043.10893,7,198.6723149,27,74,103.6,103.6,103.6,103.6,103.6,103.6,103.6,103.6,103.6,103.6,103.6,103.6,1243.2,0.4,1,1.46,6
64314.37807,43,6752.90398,155,66,145.2,145.2,145.2,145.2,145.2,145.2,145.2,145.2,145.2,145.2,145.2,145.2,1742.4,1.2,0.81,1.58,38
38489.70519,22,2485.017068,115,66,118.8,118.8,118.8,118.8,118.8,118.8,118.8,118.8,118.8,118.8,118.8,118.8,1425.6,0.8,1,1.58,28
47576.20262,43,1108.646373,26,122,109.8,109.8,109.8,109.8,109.8,109.8,109.8,109.8,109.8,109.8,109.8,109.8,1317.6,-0.1,0.9,0.91,5
82265.2851,6,210.7821412,33,114,91.2,91.2,91.2,91.2,91.2,91.2,91.2,91.2,91.2,91.2,91.2,91.2,1094.4,-0.2,0.96,1.36,5
38388.46865,5,359.9181836,66,74,185,185,185,185,185,185,185,185,185,185,185,185,2220,1.5,1,1.27,16
12609.24309,38,1034.120872,28,106,159,159,159,159,159,159,159,159,159,159,159,159,1908,0.5,1,1.12,5
68332.61741,8,34.40505617,4,90,81,81,81,81,81,81,81,81,81,81,81,81,972,-0.1,1,0.51,2
80519.24531,23,1395.431423,60,66,52.8,52.8,52.8,52.8,52.8,52.8,52.8,52.8,52.8,52.8,52.8,52.8,633.6,-0.2,1,1.3,15
63390.61541,5,116.1107223,23,34,74.8,74.8,74.8,74.8,74.8,74.8,74.8,74.8,74.8,74.8,74.8,74.8,897.6,1.2,0.94,1.99,8
68278.33093,7,431.2542383,61,74,59.2,59.2,59.2,59.2,59.2,59.2,59.2,59.2,59.2,59.2,59.2,59.2,710.4,-0.2,1,1.19,16
62578.56097,6,167.433536,27,98,117.6,117.6,117.6,117.6,117.6,117.6,117.6,117.6,117.6,117.6,117.6,117.6,1411.2,0.2,0.83,1.01,6
59627.68804,107,2330.699397,22,82,49.2,49.2,49.2,49.2,49.2,49.2,49.2,49.2,49.2,49.2,49.2,49.2,590.4,-0.4,1,0.62,11
95065.28913,30,224.9610848,8,98,176.4,176.4,176.4,176.4,176.4,176.4,176.4,176.4,176.4,176.4,176.4,176.4,2116.8,0.8,1,0.47,4
38956.79346,11,430.1771637,38,50,125,125,125,125,125,125,125,125,125,125,125,125,1500,1.5,1,1.14,16
22099.88081,10,131.4873053,14,34,40.8,40.8,40.8,40.8,40.8,40.8,40.8,40.8,40.8,40.8,40.8,40.8,489.6,0.2,0.84,0.25,26
66104.14713,11,129.4418663,11,34,30.6,30.6,30.6,30.6,30.6,30.6,30.6,30.6,30.6,30.6,30.6,30.6,367.2,-0.1,0.8,0.25,21
17846.65633,25,3887.965032,156,130,286,286,286,286,286,286,286,286,286,286,286,286,3432,1.2,0.8,1.91,16
7345.440177,35,802.3651803,23,66,145.2,145.2,145.2,145.2,145.2,145.2,145.2,145.2,145.2,145.2,145.2,145.2,1742.4,1.2,1,1.52,5
70461.63002,7,327.9925166,50,106,233.2,233.2,233.2,233.2,233.2,233.2,233.2,233.2,233.2,233.2,233.2,233.2,2798.4,1.2,1,0.61,16
64482.4853,140,37613.93654,269,204,326.4,326.4,326.4,326.4,326.4,326.4,326.4,326.4,326.4,326.4,326.4,326.4,3916.8,0.6,1,1.22,28
62503.38677,23,1722.39255,76,106,265,265,265,265,265,265,265,265,265,265,265,265,3180,1.5,1,1.47,15
70857.37247,24,242.7038842,10,58,46.4,46.4,46.4,46.4,46.4,46.4,46.4,46.4,46.4,46.4,46.4,46.4,556.8,-0.2,1,0.88,5
84231.26987,26,401.1463864,16,82,147.6,147.6,147.6,147.6,147.6,147.6,147.6,147.6,147.6,147.6,147.6,147.6,1771.2,0.8,0.82,0.94,5
43094.78882,5,814.2260205,157,244,219.6,219.6,219.6,219.6,219.6,219.6,219.6,219.6,219.6,219.6,219.6,219.6,2635.2,-0.1,1,1.09,11
36904.67378,5,133.4963822,26,98,176.4,176.4,176.4,176.4,176.4,176.4,176.4,176.4,176.4,176.4,176.4,176.4,2116.8,0.8,1,0.95,6
60386.38837,96,2380.104471,25,122,195.2,195.2,195.2,195.2,195.2,195.2,195.2,195.2,195.2,195.2,195.2,195.2,2342.4,0.6,1,0.47,11
88924.53858,18,811.5294965,44,82,180.4,180.4,180.4,180.4,180.4,180.4,180.4,180.4,180.4,180.4,180.4,180.4,2164.8,1.2,1,0.69,16
12676.44662,33,6020.358626,183,146,204.4,204.4,204.4,204.4,204.4,204.4,204.4,204.4,204.4,204.4,204.4,204.4,2452.8,0.4,0.72,0.83,36
97465.78026,12,457.3806526,37,154,184.8,184.8,184.8,184.8,184.8,184.8,184.8,184.8,184.8,184.8,184.8,184.8,2217.6,0.2,0.96,0.48,11
13116.39256,25,1580.058587,63,138,248.4,248.4,248.4,248.4,248.4,248.4,248.4,248.4,248.4,248.4,248.4,248.4,2980.8,0.8,0.82,0.85,16
21915.70075,6,166.0135972,28,50,30,30,30,30,30,30,30,30,30,30,30,30,360,-0.4,1,0.73,16
78672.28731,11,2241.411555,196,170,51,51,51,51,51,51,51,51,51,51,51,51,612,-0.7,0.85,1.01,27
48169.95335,15,1316.103146,91,114,205.2,205.2,205.2,205.2,205.2,205.2,205.2,205.2,205.2,205.2,205.2,205.2,2462.4,0.8,0.93,0.8,29
68368.04535,346,35839.18362,104,90,135,135,135,135,135,135,135,135,135,135,135,135,1620,0.5,1,1.07,28
35029.33365,15,1351.515939,89,106,159,159,159,159,159,159,159,159,159,159,159,159,1908,0.5,1,1.09,16
71873.54123,6,167.5869351,26,138,248.4,248.4,248.4,248.4,248.4,248.4,248.4,248.4,248.4,248.4,248.4,248.4,2980.8,0.8,1,0.66,6
72831.12371,6,206.695533,32,58,145,145,145,145,145,145,145,145,145,145,145,145,1740,1.5,1,0.25,35
12080.64616,8,579.6572235,76,50,75,75,75,75,75,75,75,75,75,75,75,75,900,0.5,0.88,2.33,16
94247.97473,21,231.7471182,11,10,18,18,18,18,18,18,18,18,18,18,18,18,216,0.8,1,1.73,16
39637.39026,33,782.7355823,24,146,321.2,321.2,321.2,321.2,321.2,321.2,321.2,321.2,321.2,321.2,321.2,321.2,3854.4,1.2,1,0.69,5
31324.97779,10,1027.725163,102,146,219,219,219,219,219,219,219,219,219,219,219,219,2628,0.5,0.78,0.93,21
3513.799268,8,277.7960793,33,90,108,108,108,108,108,108,108,108,108,108,108,108,1296,0.2,0.82,0.44,16
26008.68048,6,24.57998863,4,122,268.4,268.4,268.4,268.4,268.4,268.4,268.4,268.4,268.4,268.4,268.4,268.4,3220.8,1.2,1,0.25,2
63410.09885,103,3027.668018,29,122,183,183,183,183,183,183,183,183,183,183,183,183,2196,0.5,1,0.56,11
68318.78866,9,259.246539,29,130,182,182,182,182,182,182,182,182,182,182,182,182,2184,0.4,1,0.25,16
14177.70251,94,6508.784897,69,162,194.4,194.4,194.4,194.4,194.4,194.4,194.4,194.4,194.4,194.4,194.4,194.4,2332.8,0.2,0.75,0.64,16
71728.94906,11,548.6451025,51,34,30.6,30.6,30.6,30.6,30.6,30.6,30.6,30.6,30.6,30.6,30.6,30.6,367.2,-0.1,1,2.36,16
24878.72365,66,10144.65038,155,228,319.2,319.2,319.2,319.2,319.2,319.2,319.2,319.2,319.2,319.2,319.2,319.2,3830.4,0.4,1,1.09,16
40405.16397,101,8711.381007,86,122,48.8,48.8,48.8,48.8,48.8,48.8,48.8,48.8,48.8,48.8,48.8,48.8,585.6,-0.6,0.8,0.51,33
70111.06583,11,752.7093555,67,154,123.2,123.2,123.2,123.2,123.2,123.2,123.2,123.2,123.2,123.2,123.2,123.2,1478.4,-0.2,1,1.1,8
27049.09815,9,1411.334524,150,252,352.8,352.8,352.8,352.8,352.8,352.8,352.8,352.8,352.8,352.8,352.8,352.8,4233.6,0.4,0.78,1.05,16
87621.46342,11,149.5867044,14,138,165.6,165.6,165.6,165.6,165.6,165.6,165.6,165.6,165.6,165.6,165.6,165.6,1987.2,0.2,0.9,0.75,3
14288.30803,18,303.8896268,17,106,148.4,148.4,148.4,148.4,148.4,148.4,148.4,148.4,148.4,148.4,148.4,148.4,1780.8,0.4,1,0.65,6
16751.60479,79,32762.44968,417,292,350.4,350.4,350.4,350.4,350.4,350.4,350.4,350.4,350.4,350.4,350.4,350.4,4204.8,0.2,1,1.15,32
65233.03504,305,62186.8402,204,114,136.8,136.8,136.8,136.8,136.8,136.8,136.8,136.8,136.8,136.8,136.8,136.8,1641.6,0.2,0.93,1.41,33
84810.90016,19,1275.505164,67,90,36,36,36,36,36,36,36,36,36,36,36,36,432,-0.6,1,0.73,21
89414.43548,14,2416.654924,170,186,74.4,74.4,74.4,74.4,74.4,74.4,74.4,74.4,74.4,74.4,74.4,74.4,892.8,-0.6,0.8,1.4,16
69878.49921,7,263.4150269,38,82,123,123,123,123,123,123,123,123,123,123,123,123,1476,0.5,0.85,1.36,8
89405.80703,12,428.2442189,35,74,133.2,133.2,133.2,133.2,133.2,133.2,133.2,133.2,133.2,133.2,133.2,133.2,1598.4,0.8,0.9,1.47,8
91086.65585,59,2851.310964,48,114,171,171,171,171,171,171,171,171,171,171,171,171,2052,0.5,1,0.67,16
12419.57396,8,755.2730436,93,138,165.6,165.6,165.6,165.6,165.6,165.6,165.6,165.6,165.6,165.6,165.6,165.6,1987.2,0.2,1,0.58,21
31126.68106,13,535.5908871,42,98,78.4,78.4,78.4,78.4,78.4,78.4,78.4,78.4,78.4,78.4,78.4,78.4,940.8,-0.2,1,0.61,16
13256.11931,13,2221.156641,167,138,248.4,248.4,248.4,248.4,248.4,248.4,248.4,248.4,248.4,248.4,248.4,248.4,2980.8,0.8,1,1.9,16
51079.91694,12,991.057075,81,170,238,238,238,238,238,238,238,238,238,238,238,238,2856,0.4,1,0.44,29
69483.66359,22,1412.604104,64,74,162.8,162.8,162.8,162.8,162.8,162.8,162.8,162.8,162.8,162.8,162.8,162.8,1953.6,1.2,1,1.14,16
63145.95994,22,1431.292444,64,114,34.2,34.2,34.2,34.2,34.2,34.2,34.2,34.2,34.2,34.2,34.2,34.2,410.4,-0.7,1,0.57,29
36370.45265,10,1234.536209,119,170,374,374,374,374,374,374,374,374,374,374,374,374,4488,1.2,0.92,0.86,16
54527.61791,7,308.3847372,41,98,88.2,88.2,88.2,88.2,88.2,88.2,88.2,88.2,88.2,88.2,88.2,88.2,1058.4,-0.1,0.96,0.86,11
14287.91251,5,68.24836879,13,50,70,70,70,70,70,70,70,70,70,70,70,70,840,0.4,0.75,1.17,5
65229.23928,68,2531.926952,37,98,117.6,117.6,117.6,117.6,117.6,117.6,117.6,117.6,117.6,117.6,117.6,117.6,1411.2,0.2,0.95,0.89,11
30492.923,10,219.3517267,23,130,182,182,182,182,182,182,182,182,182,182,182,182,2184,0.4,1,0.66,6
5413.494526,17,1369.15099,81,50,20,20,20,20,20,20,20,20,20,20,20,20,240,-0.6,0.86,1.55,22
81261.10865,8,725.6035251,86,90,198,198,198,198,198,198,198,198,198,198,198,198,2376,1.2,0.9,0.87,21
8396.036677,75,11798.66937,157,170,238,238,238,238,238,238,238,238,238,238,238,238,2856,0.4,0.94,1.13,21
51747.62584,11,785.5907193,71,138,193.2,193.2,193.2,193.2,193.2,193.2,193.2,193.2,193.2,193.2,193.2,193.2,2318.4,0.4,0.97,0.61,16
55042.65347,11,797.7931222,72,138,193.2,193.2,193.2,193.2,193.2,193.2,193.2,193.2,193.2,193.2,193.2,193.2,2318.4,0.4,0.88,0.61,16
23915.89994,11,792.924709,71,138,165.6,165.6,165.6,165.6,165.6,165.6,165.6,165.6,165.6,165.6,165.6,165.6,1987.2,0.2,0.93,0.61,16
60158.7279,11,798.3577667,71,138,303.6,303.6,303.6,303.6,303.6,303.6,303.6,303.6,303.6,303.6,303.6,303.6,3643.2,1.2,0.9,0.61,16
8766.781667,11,784.2449104,70,138,165.6,165.6,165.6,165.6,165.6,165.6,165.6,165.6,165.6,165.6,165.6,165.6,1987.2,0.2,1,0.61,16
42965.73643,11,816.6943849,73,138,193.2,193.2,193.2,193.2,193.2,193.2,193.2,193.2,193.2,193.2,193.2,193.2,2318.4,0.4,0.81,0.61,16
86459.93995,12,820.9616224,70,138,165.6,165.6,165.6,165.6,165.6,165.6,165.6,165.6,165.6,165.6,165.6,165.6,1987.2,0.2,1,0.61,16
64325.68991,12,825.1578181,70,138,55.2,55.2,55.2,55.2,55.2,55.2,55.2,55.2,55.2,55.2,55.2,55.2,662.4,-0.6,1,0.61,16
82812.70332,12,820.6993602,70,138,110.4,110.4,110.4,110.4,110.4,110.4,110.4,110.4,110.4,110.4,110.4,110.4,1324.8,-0.2,1,0.61,16
93034.15064,75,2381.525366,32,90,198,198,198,198,198,198,198,198,198,198,198,198,2376,1.2,0.91,0.82,11
43497.30661,12,224.6983559,19,114,136.8,136.8,136.8,136.8,136.8,136.8,136.8,136.8,136.8,136.8,136.8,136.8,1641.6,0.2,0.93,0.78,5
60330.3787,11,1031.901353,91,204,244.8,244.8,244.8,244.8,244.8,244.8,244.8,244.8,244.8,244.8,244.8,244.8,2937.6,0.2,1,1.14,8
67997.98926,114,1366.098268,12,736,1840,1840,1840,1840,1840,1840,1840,1840,1840,1840,1840,1840,22080,1.5,1,0.25,2
6348.947722,15,1139.624304,75,106,190.8,190.8,190.8,190.8,190.8,190.8,190.8,190.8,190.8,190.8,190.8,190.8,2289.6,0.8,0.82,0.96,15
2037.852636,58,1373.280143,24,186,409.2,409.2,409.2,409.2,409.2,409.2,409.2,409.2,409.2,409.2,409.2,409.2,4910.4,1.2,0.97,0.45,6
36888.64543,6,812.7222463,131,170,102,102,102,102,102,102,102,102,102,102,102,102,1224,-0.4,0.82,1.37,11
30641.93847,5,171.1780002,32,98,58.8,58.8,58.8,58.8,58.8,58.8,58.8,58.8,58.8,58.8,58.8,58.8,705.6,-0.4,0.97,0.86,8
14082.8658,6,141.6794558,24,98,58.8,58.8,58.8,58.8,58.8,58.8,58.8,58.8,58.8,58.8,58.8,58.8,705.6,-0.4,1,0.9,6
36230.00449,5,441.3370647,87,130,156,156,156,156,156,156,156,156,156,156,156,156,1872,0.2,0.71,0.84,16
70545.46037,15,1298.424106,86,130,286,286,286,286,286,286,286,286,286,286,286,286,3432,1.2,0.96,0.84,16
90062.38329,8,3900,466,34,10.2,10.2,10.2,10.2,10.2,10.2,10.2,10.2,10.2,10.2,10.2,10.2,122.4,-0.7,1,3.46,90
91032.29837,13,1394.879165,104,170,153,153,153,153,153,153,153,153,153,153,153,153,1836,-0.1,0.93,0.76,16
38944.51883,15,380.009355,25,170,374,374,374,374,374,374,374,374,374,374,374,374,4488,1.2,0.86,0.56,6
11233.80771,221,3903.817123,18,10,4,4,4,4,4,4,4,4,4,4,4,4,48,-0.6,0.77,1.69,27
42687.20778,63,1238.132942,20,220,132,132,132,132,132,132,132,132,132,132,132,132,1584,-0.4,0.95,0.64,3
5477.944621,26,351.2842504,13,42,92.4,92.4,92.4,92.4,92.4,92.4,92.4,92.4,92.4,92.4,92.4,92.4,1108.8,1.2,0.98,1.62,5
54362.08273,125,30968.29934,247,220,198,198,198,198,198,198,198,198,198,198,198,198,2376,-0.1,1,1.04,28
29891.19471,9,1223.497803,129,114,250.8,250.8,250.8,250.8,250.8,250.8,250.8,250.8,250.8,250.8,250.8,250.8,3009.6,1.2,0.8,1.06,21
49843.96956,11,7454.38206,651,372,669.6,669.6,669.6,669.6,669.6,669.6,669.6,669.6,669.6,669.6,669.6,669.6,8035.2,0.8,0.75,1.58,27
60104.7615,16,7937.856558,500,170,153,153,153,153,153,153,153,153,153,153,153,153,1836,-0.1,0.96,0.93,77
81043.20569,134,5451.466893,41,186,148.8,148.8,148.8,148.8,148.8,148.8,148.8,148.8,148.8,148.8,148.8,148.8,1785.6,-0.2,1,0.35,16
86262.20054,7,108.2749038,16,58,145,145,145,145,145,145,145,145,145,145,145,145,1740,1.5,1,1.27,5
2893.488088,25,3682.53451,146,204,122.4,122.4,122.4,122.4,122.4,122.4,122.4,122.4,122.4,122.4,122.4,122.4,1468.8,-0.4,0.88,0.59,29
82832.34393,9,1544.000368,168,162,194.4,194.4,194.4,194.4,194.4,194.4,194.4,194.4,194.4,194.4,194.4,194.4,2332.8,0.2,1,0.95,31
25584.02824,11,1753.958628,165,162,97.2,97.2,97.2,97.2,97.2,97.2,97.2,97.2,97.2,97.2,97.2,97.2,1166.4,-0.4,1,0.95,31
50930.93379,8,556.6574004,72,316,189.6,189.6,189.6,189.6,189.6,189.6,189.6,189.6,189.6,189.6,189.6,189.6,2275.2,-0.4,0.87,0.85,6
44835.25062,106,11968.33104,113,82,49.2,49.2,49.2,49.2,49.2,49.2,49.2,49.2,49.2,49.2,49.2,49.2,590.4,-0.4,0.81,1.06,33
44205.04411,8,571.1414856,74,178,391.6,391.6,391.6,391.6,391.6,391.6,391.6,391.6,391.6,391.6,391.6,391.6,4699.2,1.2,0.95,0.54,16
93505.32572,18,1117.302719,60,90,135,135,135,135,135,135,135,135,135,135,135,135,1620,0.5,1,0.87,16
50685.29326,14,224.0770364,16,196,235.2,235.2,235.2,235.2,235.2,235.2,235.2,235.2,235.2,235.2,235.2,235.2,2822.4,0.2,1,0.35,5
29811.36582,42,4792.974707,114,324,486,486,486,486,486,486,486,486,486,486,486,486,5832,0.5,1,0.81,11
8351.712288,49,5791.704701,117,154,138.6,138.6,138.6,138.6,138.6,138.6,138.6,138.6,138.6,138.6,138.6,138.6,1663.2,-0.1,0.95,0.56,34
71032.68656,107,18976.10694,177,220,396,396,396,396,396,396,396,396,396,396,396,396,4752,0.8,1,0.74,28
64524.54055,6,159.3696077,27,204,285.6,285.6,285.6,285.6,285.6,285.6,285.6,285.6,285.6,285.6,285.6,285.6,3427.2,0.4,0.96,0.25,8
76090.04432,14,89.61135431,6,98,88.2,88.2,88.2,88.2,88.2,88.2,88.2,88.2,88.2,88.2,88.2,88.2,1058.4,-0.1,0.96,0.77,2
18008.97887,14,994.2441725,71,98,117.6,117.6,117.6,117.6,117.6,117.6,117.6,117.6,117.6,117.6,117.6,117.6,1411.2,0.2,1,0.92,16
29459.79577,19,1014.031235,55,162,291.6,291.6,291.6,291.6,291.6,291.6,291.6,291.6,291.6,291.6,291.6,291.6,3499.2,0.8,0.85,0.43,21
44496.49661,16,4254.366658,260,380,950,950,950,950,950,950,950,950,950,950,950,950,11400,1.5,0.97,1.05,16
32256.65625,26,235.7396418,9,74,185,185,185,185,185,185,185,185,185,185,185,185,2220,1.5,0.82,0.73,4
63670.75083,6,239.9365121,38,244,439.2,439.2,439.2,439.2,439.2,439.2,439.2,439.2,439.2,439.2,439.2,439.2,5270.4,0.8,0.84,0.62,5
3015.299583,6,587.5545731,100,204,448.8,448.8,448.8,448.8,448.8,448.8,448.8,448.8,448.8,448.8,448.8,448.8,5385.6,1.2,0.89,0.61,16
38520.56874,46,92.21357529,2,10,18,18,18,18,18,18,18,18,18,18,18,18,216,0.8,1,1.03,5
76274.03088,20,2678.783952,134,122,109.8,109.8,109.8,109.8,109.8,109.8,109.8,109.8,109.8,109.8,109.8,109.8,1317.6,-0.1,1,0.87,31
67602.561,14,772.7214944,56,212,318,318,318,318,318,318,318,318,318,318,318,318,3816,0.5,1,0.45,11
33661.78504,7,869.2957039,131,438,525.6,525.6,525.6,525.6,525.6,525.6,525.6,525.6,525.6,525.6,525.6,525.6,6307.2,0.2,1,1.16,5
42508.60461,100,14234.42072,143,268,160.8,160.8,160.8,160.8,160.8,160.8,160.8,160.8,160.8,160.8,160.8,160.8,1929.6,-0.4,0.93,0.48,28
28449.61835,5,1007.969071,200,534,801,801,801,801,801,801,801,801,801,801,801,801,9612,0.5,0.82,0.25,16
99761.34426,5,900.9572695,179,534,747.6,747.6,747.6,747.6,747.6,747.6,747.6,747.6,747.6,747.6,747.6,747.6,8971.2,0.4,0.96,0.25,16
21602.76529,5,881.8591634,162,74,103.6,103.6,103.6,103.6,103.6,103.6,103.6,103.6,103.6,103.6,103.6,103.6,1243.2,0.4,1,1.19,35
20398.71322,11,1425.985924,131,228,273.6,273.6,273.6,273.6,273.6,273.6,273.6,273.6,273.6,273.6,273.6,273.6,3283.2,0.2,1,0.58,27
73806.41833,5,551.2556952,103,252,378,378,378,378,378,378,378,378,378,378,378,378,4536,0.5,1,0.77,11
26356.05607,27,5190.892196,193,220,396,396,396,396,396,396,396,396,396,396,396,396,4752,0.8,1,0.78,28
19572.58943,15,1087.778425,73,212,339.2,339.2,339.2,339.2,339.2,339.2,339.2,339.2,339.2,339.2,339.2,339.2,4070.4,0.6,1,0.45,21
93725.9732,19,2697.997616,140,252,151.2,151.2,151.2,151.2,151.2,151.2,151.2,151.2,151.2,151.2,151.2,151.2,1814.4,-0.4,1,0.85,16
12538.86834,17,9426.593941,546,162,97.2,97.2,97.2,97.2,97.2,97.2,97.2,97.2,97.2,97.2,97.2,97.2,1166.4,-0.4,1,1.16,72
24480.71311,16,2280.994181,143,276,414,414,414,414,414,414,414,414,414,414,414,414,4968,0.5,1,0.78,16
29598.79286,10,1684.932919,170,244,341.6,341.6,341.6,341.6,341.6,341.6,341.6,341.6,341.6,341.6,341.6,341.6,4099.2,0.4,1,1.28,16
37474.06144,5,306.2968902,57,98,117.6,117.6,117.6,117.6,117.6,117.6,117.6,117.6,117.6,117.6,117.6,117.6,1411.2,0.2,0.82,0.73,16
81640.24882,5,371.4956858,69,66,79.2,79.2,79.2,79.2,79.2,79.2,79.2,79.2,79.2,79.2,79.2,79.2,950.4,0.2,0.97,1.5,16
95636.9494,6,824.4214577,133,494,691.6,691.6,691.6,691.6,691.6,691.6,691.6,691.6,691.6,691.6,691.6,691.6,8299.2,0.4,0.98,1.02,5
22009.69213,7,3221.957295,472,252,453.6,453.6,453.6,453.6,453.6,453.6,453.6,453.6,453.6,453.6,453.6,453.6,5443.2,0.8,0.97,0.4,88
81501.09753,94,13690.56025,146,260,390,390,390,390,390,390,390,390,390,390,390,390,4680,0.5,0.94,0.51,28
54050.97542,15,1756.182143,117,228,501.6,501.6,501.6,501.6,501.6,501.6,501.6,501.6,501.6,501.6,501.6,501.6,6019.2,1.2,0.75,0.45,28
54543.47579,6,1147.505729,177,98,245,245,245,245,245,245,245,245,245,245,245,245,2940,1.5,0.82,2.33,16
89858.93272,39,1591.777094,41,82,65.6,65.6,65.6,65.6,65.6,65.6,65.6,65.6,65.6,65.6,65.6,65.6,787.2,-0.2,1,0.96,16
26059.3633,7,129.2456932,17,98,78.4,78.4,78.4,78.4,78.4,78.4,78.4,78.4,78.4,78.4,78.4,78.4,940.8,-0.2,0.97,0.63,6
66159.28149,9,547.8553598,64,186,111.6,111.6,111.6,111.6,111.6,111.6,111.6,111.6,111.6,111.6,111.6,111.6,1339.2,-0.4,1,0.44,16
6795.122228,23,6561.947446,290,228,342,342,342,342,342,342,342,342,342,342,342,342,4104,0.5,1,1.1,29
70246.00321,11,3855.94799,357,252,453.6,453.6,453.6,453.6,453.6,453.6,453.6,453.6,453.6,453.6,453.6,453.6,5443.2,0.8,1,0.96,35
77672.9379,20,1701.687585,86,260,156,156,156,156,156,156,156,156,156,156,156,156,1872,-0.4,0.96,0.32,28
25506.41763,17,1129.80233,67,244,610,610,610,610,610,610,610,610,610,610,610,610,7320,1.5,1,0.49,11
76289.42711,14,1004.261765,74,212,381.6,381.6,381.6,381.6,381.6,381.6,381.6,381.6,381.6,381.6,381.6,381.6,4579.2,0.8,0.96,0.62,16
41862.31552,14,1329.344516,92,268,160.8,160.8,160.8,160.8,160.8,160.8,160.8,160.8,160.8,160.8,160.8,160.8,1929.6,-0.4,0.99,0.45,21
43542.32896,13,4362.533065,339,340,204,204,204,204,204,204,204,204,204,204,204,204,2448,-0.4,0.95,0.88,27
73714.04524,22,7069.294836,321,284,340.8,340.8,340.8,340.8,340.8,340.8,340.8,340.8,340.8,340.8,340.8,340.8,4089.6,0.2,1,0.52,52
24401.95087,12,201.6244702,16,276,607.2,607.2,607.2,607.2,607.2,607.2,607.2,607.2,607.2,607.2,607.2,607.2,7286.4,1.2,1,0.69,2
41308.8366,16,958.952643,59,162,291.6,291.6,291.6,291.6,291.6,291.6,291.6,291.6,291.6,291.6,291.6,291.6,3499.2,0.8,0.88,1.95,4
30931.06155,71,6070.275012,85,324,356.4,356.4,356.4,356.4,356.4,356.4,356.4,356.4,356.4,356.4,356.4,356.4,4276.8,0.1,0.97,0.61,11
88499.43008,5,259.7437582,48,204,510,510,510,510,510,510,510,510,510,510,510,510,6120,1.5,0.96,0.36,11
1905.634856,25,9020.565553,368,276,82.8,82.8,82.8,82.8,82.8,82.8,82.8,82.8,82.8,82.8,82.8,82.8,993.6,-0.7,1,1.08,31
91035.61917,23,1243.365188,53,196,58.8,58.8,58.8,58.8,58.8,58.8,58.8,58.8,58.8,58.8,58.8,58.8,705.6,-0.7,1,1.15,5
49927.08482,17,1074.883943,63,186,148.8,148.8,148.8,148.8,148.8,148.8,148.8,148.8,148.8,148.8,148.8,148.8,1785.6,-0.2,1,0.61,16
21236.77097,8,5673.717844,704,316,284.4,284.4,284.4,284.4,284.4,284.4,284.4,284.4,284.4,284.4,284.4,284.4,3412.8,-0.1,1,0.53,88
79282.39564,15,1742.940507,120,340,136,136,136,136,136,136,136,136,136,136,136,136,1632,-0.6,1,0.63,16
33850.33114,10,1221.856099,116,422,928.4,928.4,928.4,928.4,928.4,928.4,928.4,928.4,928.4,928.4,928.4,928.4,11140.8,1.2,1,1,8
18455.61381,16,4507.323939,274,106,127.2,127.2,127.2,127.2,127.2,127.2,127.2,127.2,127.2,127.2,127.2,127.2,1526.4,0.2,1,1.26,51
29642.6408,22,1215.238038,56,414,372.6,372.6,372.6,372.6,372.6,372.6,372.6,372.6,372.6,372.6,372.6,372.6,4471.2,-0.1,0.98,1.44,2
7595.552357,38,306.5046292,8,186,223.2,223.2,223.2,223.2,223.2,223.2,223.2,223.2,223.2,223.2,223.2,223.2,2678.4,0.2,0.91,0.34,3
139.8523217,111,4523.663265,41,26,31.2,31.2,31.2,31.2,31.2,31.2,31.2,31.2,31.2,31.2,31.2,31.2,374.4,0.2,0.98,1.56,26
33720.91669,47,12074.95403,259,332,199.2,199.2,199.2,199.2,199.2,199.2,199.2,199.2,199.2,199.2,199.2,199.2,2390.4,-0.4,1,0.76,26
12707.54855,9,1229.84813,139,260,208,208,208,208,208,208,208,208,208,208,208,208,2496,-0.2,1,0.62,16
8357.205586,5,861.3232459,168,204,448.8,448.8,448.8,448.8,448.8,448.8,448.8,448.8,448.8,448.8,448.8,448.8,5385.6,1.2,1,0.93,16
80434.7921,5,562.0262618,103,398,238.8,238.8,238.8,238.8,238.8,238.8,238.8,238.8,238.8,238.8,238.8,238.8,2865.6,-0.4,0.91,1.16,5
19941.46742,9,552.9018211,65,414,496.8,496.8,496.8,496.8,496.8,496.8,496.8,496.8,496.8,496.8,496.8,496.8,5961.6,0.2,0.87,0.68,5
63307.53543,16,1135.828025,72,292,408.8,408.8,408.8,408.8,408.8,408.8,408.8,408.8,408.8,408.8,408.8,408.8,4905.6,0.4,0.91,0.58,12
61734.75194,10,237.9377553,24,26,23.4,23.4,23.4,23.4,23.4,23.4,23.4,23.4,23.4,23.4,23.4,23.4,280.8,-0.1,0.82,1.41,16
14220.41262,10,541.4615367,56,332,730.4,730.4,730.4,730.4,730.4,730.4,730.4,730.4,730.4,730.4,730.4,730.4,8764.8,1.2,1,0.29,11
72325.83695,20,4701.300313,231,170,102,102,102,102,102,102,102,102,102,102,102,102,1224,-0.4,0.94,0.81,41
67214.50172,14,1362.45991,97,154,338.8,338.8,338.8,338.8,338.8,338.8,338.8,338.8,338.8,338.8,338.8,338.8,4065.6,1.2,0.91,1.18,16
27441.05294,17,1202.959447,69,170,255,255,255,255,255,255,255,255,255,255,255,255,3060,0.5,0.95,0.75,16
55243.20891,157,110940.2443,706,348,870,870,870,870,870,870,870,870,870,870,870,870,10440,1.5,0.95,0.77,68
87814.61072,10,1499.799291,149,292,233.6,233.6,233.6,233.6,233.6,233.6,233.6,233.6,233.6,233.6,233.6,233.6,2803.2,-0.2,0.95,0.67,21
33690.34864,18,3236.47859,182,340,408,408,408,408,408,408,408,408,408,408,408,408,4896,0.2,1,0.44,28
20175.18474,6,4944.687609,848,380,456,456,456,456,456,456,456,456,456,456,456,456,5472,0.2,1,3.46,16
58204.41592,7,1142.176609,171,308,369.6,369.6,369.6,369.6,369.6,369.6,369.6,369.6,369.6,369.6,369.6,369.6,4435.2,0.2,1,0.61,16
57256.54102,18,910.6356063,51,146,116.8,116.8,116.8,116.8,116.8,116.8,116.8,116.8,116.8,116.8,116.8,116.8,1401.6,-0.2,1,0.9,8
98215.01082,34,1110.260565,33,260,416,416,416,416,416,416,416,416,416,416,416,416,4992,0.6,0.7,0.71,5
25223.15719,9,876.3669804,98,332,298.8,298.8,298.8,298.8,298.8,298.8,298.8,298.8,298.8,298.8,298.8,298.8,3585.6,-0.1,0.88,0.69,8
56345.05754,28,4969.305748,180,300,420,420,420,420,420,420,420,420,420,420,420,420,5040,0.4,1,0.94,16
5409.530584,18,2440.099256,135,372,669.6,669.6,669.6,669.6,669.6,669.6,669.6,669.6,669.6,669.6,669.6,669.6,8035.2,0.8,1,0.28,28
54077.96146,9,873.9771894,94,154,184.8,184.8,184.8,184.8,184.8,184.8,184.8,184.8,184.8,184.8,184.8,184.8,2217.6,0.2,1,0.73,16
13835.64099,6,497.0995955,86,154,277.2,277.2,277.2,277.2,277.2,277.2,277.2,277.2,277.2,277.2,277.2,277.2,3326.4,0.8,0.96,0.73,16
35496.07527,9,11076.78485,1183,584,817.6,817.6,817.6,817.6,817.6,817.6,817.6,817.6,817.6,817.6,817.6,817.6,9811.2,0.4,1,0.74,62
21391.12157,12,1091.701013,88,316,695.2,695.2,695.2,695.2,695.2,695.2,695.2,695.2,695.2,695.2,695.2,695.2,8342.4,1.2,0.95,0.47,16
11726.2985,6,226.4996025,40,10,8,8,8,8,8,8,8,8,8,8,8,8,96,-0.2,1,1.5,62
13776.59003,21,8179.109546,386,332,199.2,199.2,199.2,199.2,199.2,199.2,199.2,199.2,199.2,199.2,199.2,199.2,2390.4,-0.4,1,0.93,31
16202.39659,24,9383.152159,384,332,597.6,597.6,597.6,597.6,597.6,597.6,597.6,597.6,597.6,597.6,597.6,597.6,7171.2,0.8,1,0.93,31
37034.59859,13,262.4615742,20,494,296.4,296.4,296.4,296.4,296.4,296.4,296.4,296.4,296.4,296.4,296.4,296.4,3556.8,-0.4,0.92,0.43,2
34162.58915,11,2468.005684,217,146,131.4,131.4,131.4,131.4,131.4,131.4,131.4,131.4,131.4,131.4,131.4,131.4,1576.8,-0.1,0.83,2.33,16
90973.58038,8,1375.976927,181,146,365,365,365,365,365,365,365,365,365,365,365,365,4380,1.5,0.96,2.33,16
57414.41086,10,1115.258634,110,212,254.4,254.4,254.4,254.4,254.4,254.4,254.4,254.4,254.4,254.4,254.4,254.4,3052.8,0.2,1,0.61,16
79775.55118,6,2762.230919,436,502,602.4,602.4,602.4,602.4,602.4,602.4,602.4,602.4,602.4,602.4,602.4,602.4,7228.8,0.2,1,0.5,34
52150.24179,25,11092.69189,445,106,233.2,233.2,233.2,233.2,233.2,233.2,233.2,233.2,233.2,233.2,233.2,233.2,2798.4,1.2,0.98,1.95,55
43081.60824,7,976.0741243,133,406,243.6,243.6,243.6,243.6,243.6,243.6,243.6,243.6,243.6,243.6,243.6,243.6,2923.2,-0.4,1,0.76,8
10047.9373,7,987.8502529,133,406,1015,1015,1015,1015,1015,1015,1015,1015,1015,1015,1015,1015,12180,1.5,1,0.76,8
69939.65533,11,562.9123195,52,526,157.8,157.8,157.8,157.8,157.8,157.8,157.8,157.8,157.8,157.8,157.8,157.8,1893.6,-0.7,1,0.42,5
81436.64405,7,862.8050968,128,470,282,282,282,282,282,282,282,282,282,282,282,282,3384,-0.4,0.95,0.51,9
71757.13271,5,1382.209672,275,268,160.8,160.8,160.8,160.8,160.8,160.8,160.8,160.8,160.8,160.8,160.8,160.8,1929.6,-0.4,1,1.3,15
40406.70397,40,11817.37955,296,558,669.6,669.6,669.6,669.6,669.6,669.6,669.6,669.6,669.6,669.6,669.6,669.6,8035.2,0.2,0.95,1.23,11
3526.790467,64,18585.29011,290,406,730.8,730.8,730.8,730.8,730.8,730.8,730.8,730.8,730.8,730.8,730.8,730.8,8769.6,0.8,0.83,0.56,31
36945.24393,7,950.1964552,136,356,427.2,427.2,427.2,427.2,427.2,427.2,427.2,427.2,427.2,427.2,427.2,427.2,5126.4,0.2,0.94,0.9,8
76540.99113,30,6833.056685,231,462,831.6,831.6,831.6,831.6,831.6,831.6,831.6,831.6,831.6,831.6,831.6,831.6,9979.2,0.8,0.82,0.76,16
17051.99015,6,2374.171518,391,478,286.8,286.8,286.8,286.8,286.8,286.8,286.8,286.8,286.8,286.8,286.8,286.8,3441.6,-0.4,0.92,0.84,21
63104.85832,37,2221.10203,61,494,1086.8,1086.8,1086.8,1086.8,1086.8,1086.8,1086.8,1086.8,1086.8,1086.8,1086.8,1086.8,13041.6,1.2,0.95,0.61,5
56397.93765,5,1606.766717,301,574,803.6,803.6,803.6,803.6,803.6,803.6,803.6,803.6,803.6,803.6,803.6,803.6,9643.2,0.4,0.88,0.84,16
46383.9519,144,29677.81652,206,178,445,445,445,445,445,445,445,445,445,445,445,445,5340,1.5,0.89,0.93,32
58168.27747,22,8342.494079,377,276,331.2,331.2,331.2,331.2,331.2,331.2,331.2,331.2,331.2,331.2,331.2,331.2,3974.4,0.2,0.93,1.1,31
92382.50898,6,1009.007913,174,316,474,474,474,474,474,474,474,474,474,474,474,474,5688,0.5,1,0.58,16
95344.06909,31,11473.946,372,276,607.2,607.2,607.2,607.2,607.2,607.2,607.2,607.2,607.2,607.2,607.2,607.2,7286.4,1.2,1,1.1,31
91096.30959,84,15171.38398,180,406,324.8,324.8,324.8,324.8,324.8,324.8,324.8,324.8,324.8,324.8,324.8,324.8,3897.6,-0.2,1,0.71,16
44289.2047,12,521.1056187,42,268,321.6,321.6,321.6,321.6,321.6,321.6,321.6,321.6,321.6,321.6,321.6,321.6,3859.2,0.2,0.72,0.68,5
72882.49255,10,5293.471979,555,462,554.4,554.4,554.4,554.4,554.4,554.4,554.4,554.4,554.4,554.4,554.4,554.4,6652.8,0.2,0.97,1.85,16
15226.19915,11,1246.073019,112,82,32.8,32.8,32.8,32.8,32.8,32.8,32.8,32.8,32.8,32.8,32.8,32.8,393.6,-0.6,0.95,1.15,35
34316.69162,11,5188.793289,489,438,525.6,525.6,525.6,525.6,525.6,525.6,525.6,525.6,525.6,525.6,525.6,525.6,6307.2,0.2,1,0.84,31
74311.1835,11,5183.496,484,446,356.8,356.8,356.8,356.8,356.8,356.8,356.8,356.8,356.8,356.8,356.8,356.8,4281.6,-0.2,1,0.99,26
32871.99161,10,6061.574943,578,446,356.8,356.8,356.8,356.8,356.8,356.8,356.8,356.8,356.8,356.8,356.8,356.8,4281.6,-0.2,1,0.99,31
49341.73825,5,1254.750498,244,584,350.4,350.4,350.4,350.4,350.4,350.4,350.4,350.4,350.4,350.4,350.4,350.4,4204.8,-0.4,0.82,0.25,26
98708.20039,6,514.8482777,86,542,813,813,813,813,813,813,813,813,813,813,813,813,9756,0.5,0.97,0.65,5
39272.0371,12,1619.120467,140,414,331.2,331.2,331.2,331.2,331.2,331.2,331.2,331.2,331.2,331.2,331.2,331.2,3974.4,-0.2,0.95,0.58,16
8303.918527,9,3079.766832,339,632,379.2,379.2,379.2,379.2,379.2,379.2,379.2,379.2,379.2,379.2,379.2,379.2,4550.4,-0.4,0.88,0.75,16
82028.90622,7,961.4522818,144,462,554.4,554.4,554.4,554.4,554.4,554.4,554.4,554.4,554.4,554.4,554.4,554.4,6652.8,0.2,0.96,1.22,5
90981.63034,20,4015.472452,200,510,765,765,765,765,765,765,765,765,765,765,765,765,9180,0.5,1,0.88,11
36031.03594,40,19967.48796,495,510,1122,1122,1122,1122,1122,1122,1122,1122,1122,1122,1122,1122,13464,1.2,1,0.64,38
18962.5671,9,1120.116171,126,672,604.8,604.8,604.8,604.8,604.8,604.8,604.8,604.8,604.8,604.8,604.8,604.8,7257.6,-0.1,1,1.08,5
46597.28823,6,1259.818177,226,162,356.4,356.4,356.4,356.4,356.4,356.4,356.4,356.4,356.4,356.4,356.4,356.4,4276.8,1.2,0.75,1.72,16
1258.781429,6,1391.757873,218,398,716.4,716.4,716.4,716.4,716.4,716.4,716.4,716.4,716.4,716.4,716.4,716.4,8596.8,0.8,1,0.59,16
79318.69045,13,12940.09838,1028,364,291.2,291.2,291.2,291.2,291.2,291.2,291.2,291.2,291.2,291.2,291.2,291.2,3494.4,-0.2,1,0.94,72
766.3896251,11,4825.206961,430,608,851.2,851.2,851.2,851.2,851.2,851.2,851.2,851.2,851.2,851.2,851.2,851.2,10214.4,0.4,1,0.59,27
43809.86457,9,3673.244104,412,308,554.4,554.4,554.4,554.4,554.4,554.4,554.4,554.4,554.4,554.4,554.4,554.4,6652.8,0.8,1,0.88,35
52376.6073,46,29380.11542,641,656,1443.2,1443.2,1443.2,1443.2,1443.2,1443.2,1443.2,1443.2,1443.2,1443.2,1443.2,1443.2,17318.4,1.2,0.76,0.89,27
4472.452456,190,17811.23473,94,74,103.6,103.6,103.6,103.6,103.6,103.6,103.6,103.6,103.6,103.6,103.6,103.6,1243.2,0.4,0.9,1.13,29
8380.815604,11,9495.4744,845,316,442.4,442.4,442.4,442.4,442.4,442.4,442.4,442.4,442.4,442.4,442.4,442.4,5308.8,0.4,0.81,1.26,51
32887.30684,7,7288.89079,983,478,286.8,286.8,286.8,286.8,286.8,286.8,286.8,286.8,286.8,286.8,286.8,286.8,3441.6,-0.4,1,0.91,51
50454.54597,15,7663.474033,513,332,498,498,498,498,498,498,498,498,498,498,498,498,5976,0.5,1,1.23,31
21988.10598,58,8678.586344,151,324,129.6,129.6,129.6,129.6,129.6,129.6,129.6,129.6,129.6,129.6,129.6,129.6,1555.2,-0.6,1,0.74,16
4773.702864,7,946.1307526,136,574,688.8,688.8,688.8,688.8,688.8,688.8,688.8,688.8,688.8,688.8,688.8,688.8,8265.6,0.2,0.96,0.5,8
17856.66378,6,2937.46987,472,276,496.8,496.8,496.8,496.8,496.8,496.8,496.8,496.8,496.8,496.8,496.8,496.8,5961.6,0.8,1,1.27,31
56037.89845,6,4398.616607,713,574,861,861,861,861,861,861,861,861,861,861,861,861,10332,0.5,1,0.62,41
13693.42423,8,6088.881084,720,688,1513.6,1513.6,1513.6,1513.6,1513.6,1513.6,1513.6,1513.6,1513.6,1513.6,1513.6,1513.6,18163.2,1.2,0.88,1.17,21
43315.24026,14,9231.387874,658,372,520.8,520.8,520.8,520.8,520.8,520.8,520.8,520.8,520.8,520.8,520.8,520.8,6249.6,0.4,1,0.67,62
86385.28281,20,4422.398461,218,550,990,990,990,990,990,990,990,990,990,990,990,990,11880,0.8,0.96,0.81,12
17357.58358,16,5440.842019,336,526,841.6,841.6,841.6,841.6,841.6,841.6,841.6,841.6,841.6,841.6,841.6,841.6,10099.2,0.6,1,0.51,29
52905.99673,9,1345.294629,148,154,123.2,123.2,123.2,123.2,123.2,123.2,123.2,123.2,123.2,123.2,123.2,123.2,1478.4,-0.2,1,0.76,35
56141.93351,6,2972.031715,491,356,284.8,284.8,284.8,284.8,284.8,284.8,284.8,284.8,284.8,284.8,284.8,284.8,3417.6,-0.2,1,0.95,32
5762.614267,19,3444.258589,180,1190,1666,1666,1666,1666,1666,1666,1666,1666,1666,1666,1666,1666,19992,0.4,0.88,1.92,2
80969.10545,85,45584.20579,536,584,934.4,934.4,934.4,934.4,934.4,934.4,934.4,934.4,934.4,934.4,934.4,934.4,11212.8,0.6,0.82,0.42,51
84472.29913,45,2452.079053,55,874,524.4,524.4,524.4,524.4,524.4,524.4,524.4,524.4,524.4,524.4,524.4,524.4,6292.8,-0.4,1,0.52,3
46978.24183,86,30222.19162,351,656,1180.8,1180.8,1180.8,1180.8,1180.8,1180.8,1180.8,1180.8,1180.8,1180.8,1180.8,1180.8,14169.6,0.8,0.92,0.48,28
1194.662959,14,4540.206124,333,446,802.8,802.8,802.8,802.8,802.8,802.8,802.8,802.8,802.8,802.8,802.8,802.8,9633.6,0.8,0.92,0.59,29
28952.46873,6,1166.06424,185,608,364.8,364.8,364.8,364.8,364.8,364.8,364.8,364.8,364.8,364.8,364.8,364.8,4377.6,-0.4,0.91,1.04,8
26415.88208,14,1039.013815,76,704,422.4,422.4,422.4,422.4,422.4,422.4,422.4,422.4,422.4,422.4,422.4,422.4,5068.8,-0.4,0.95,0.61,5
75569.60735,84,30549.65978,365,446,669,669,669,669,669,669,669,669,669,669,669,669,8028,0.5,1,0.81,26
7176.598732,7,2645.693625,364,494,741,741,741,741,741,741,741,741,741,741,741,741,8892,0.5,1,0.77,21
40989.98232,5,1218.223814,243,640,384,384,384,384,384,384,384,384,384,384,384,384,4608,-0.4,0.95,0.46,18
62848.09046,8,569.4322477,75,372,818.4,818.4,818.4,818.4,818.4,818.4,818.4,818.4,818.4,818.4,818.4,818.4,9820.8,1.2,0.87,0.91,5
66926.05819,15,4375.972194,294,608,1520,1520,1520,1520,1520,1520,1520,1520,1520,1520,1520,1520,18240,1.5,0.97,0.53,21
95967.6622,7,1347.137327,191,542,325.2,325.2,325.2,325.2,325.2,325.2,325.2,325.2,325.2,325.2,325.2,325.2,3902.4,-0.4,0.86,0.36,21
57354.62085,14,7359.335291,522,728,436.8,436.8,436.8,436.8,436.8,436.8,436.8,436.8,436.8,436.8,436.8,436.8,5241.6,-0.4,0.97,0.57,29
23114.85959,5,1120.494553,223,592,1302.4,1302.4,1302.4,1302.4,1302.4,1302.4,1302.4,1302.4,1302.4,1302.4,1302.4,1302.4,15628.8,1.2,0.91,0.45,18
94452.9786,12,3909.566745,335,704,1548.8,1548.8,1548.8,1548.8,1548.8,1548.8,1548.8,1548.8,1548.8,1548.8,1548.8,1548.8,18585.6,1.2,1,0.37,27
44607.35256,141,40432.18895,287,672,1478.4,1478.4,1478.4,1478.4,1478.4,1478.4,1478.4,1478.4,1478.4,1478.4,1478.4,1478.4,17740.8,1.2,0.97,0.34,32
2394.595154,11,3982.288453,379,736,1840,1840,1840,1840,1840,1840,1840,1840,1840,1840,1840,1840,22080,1.5,1,0.69,17
63570.17856,11,8074.505623,731,736,1619.2,1619.2,1619.2,1619.2,1619.2,1619.2,1619.2,1619.2,1619.2,1619.2,1619.2,1619.2,19430.4,1.2,1,0.69,33
66245.92726,39,13286.32091,344,736,883.2,883.2,883.2,883.2,883.2,883.2,883.2,883.2,883.2,883.2,883.2,883.2,10598.4,0.2,0.98,0.69,17
23411.41891,8,3291.464971,391,736,294.4,294.4,294.4,294.4,294.4,294.4,294.4,294.4,294.4,294.4,294.4,294.4,3532.8,-0.6,0.99,0.69,17
76066.21819,19,3754.393844,197,632,189.6,189.6,189.6,189.6,189.6,189.6,189.6,189.6,189.6,189.6,189.6,189.6,2275.2,-0.7,0.94,0.45,16
43619.56221,6,1669.47475,276,664,1195.2,1195.2,1195.2,1195.2,1195.2,1195.2,1195.2,1195.2,1195.2,1195.2,1195.2,1195.2,14342.4,0.8,0.95,0.4,23
2546.974632,138,468770.2593,3393,760,684,684,684,684,684,684,684,684,684,684,684,684,8208,-0.1,0.87,1.39,83
81938.12884,9,1457.65327,156,1004,602.4,602.4,602.4,602.4,602.4,602.4,602.4,602.4,602.4,602.4,602.4,602.4,7228.8,-0.4,0.98,0.88,5
42911.57872,6,744.5790363,116,744,446.4,446.4,446.4,446.4,446.4,446.4,446.4,446.4,446.4,446.4,446.4,446.4,5356.8,-0.4,1,0.41,6
33552.6275,73,21243.10862,290,752,300.8,300.8,300.8,300.8,300.8,300.8,300.8,300.8,300.8,300.8,300.8,300.8,3609.6,-0.6,0.99,0.25,38
39789.33265,10,2813.912222,293,688,825.6,825.6,825.6,825.6,825.6,825.6,825.6,825.6,825.6,825.6,825.6,825.6,9907.2,0.2,1,0.42,21
91222.74032,30,49157.52094,1644,786,628.8,628.8,628.8,628.8,628.8,628.8,628.8,628.8,628.8,628.8,628.8,628.8,7545.6,-0.2,0.99,0.47,108
52640.43787,7,719.8258374,96,624,1372.8,1372.8,1372.8,1372.8,1372.8,1372.8,1372.8,1372.8,1372.8,1372.8,1372.8,1372.8,16473.6,1.2,1,0.54,5
5461.554491,7,10193.4044,1427,818,2045,2045,2045,2045,2045,2045,2045,2045,2045,2045,2045,2045,24540,1.5,1,0.37,88
55583.32874,15,1183.130115,81,752,676.8,676.8,676.8,676.8,676.8,676.8,676.8,676.8,676.8,676.8,676.8,676.8,8121.6,-0.1,0.98,0.42,7
34575.36534,10,2580.969867,256,220,484,484,484,484,484,484,484,484,484,484,484,484,5808,1.2,0.9,1.79,16
21392.91957,9,1674.41118,196,1076,1936.8,1936.8,1936.8,1936.8,1936.8,1936.8,1936.8,1936.8,1936.8,1936.8,1936.8,1936.8,23241.6,0.8,1,1.04,5
1093.566669,17,12014.15321,712,752,902.4,902.4,902.4,902.4,902.4,902.4,902.4,902.4,902.4,902.4,902.4,902.4,10828.8,0.2,0.95,1.06,22
12389.93222,138,335783.9298,2430,752,1654.4,1654.4,1654.4,1654.4,1654.4,1654.4,1654.4,1654.4,1654.4,1654.4,1654.4,1654.4,19852.8,1.2,1,1.06,79
49928.21246,5,2538.650295,497,372,223.2,223.2,223.2,223.2,223.2,223.2,223.2,223.2,223.2,223.2,223.2,223.2,2678.4,-0.4,0.88,1.45,21
43049.36974,16,12418.64131,775,1230,1476,1476,1476,1476,1476,1476,1476,1476,1476,1476,1476,1476,17712,0.2,1,1.03,15
93423.30877,8,1792.35015,222,624,873.6,873.6,873.6,873.6,873.6,873.6,873.6,873.6,873.6,873.6,873.6,873.6,10483.2,0.4,1,0.58,16
56666.55127,31,3013.060486,98,890,1335,1335,1335,1335,1335,1335,1335,1335,1335,1335,1335,1335,16020,0.5,0.82,0.51,5
12779.51295,9,9184.201151,1015,446,981.2,981.2,981.2,981.2,981.2,981.2,981.2,981.2,981.2,981.2,981.2,981.2,11774.4,1.2,0.97,1.8,31
88578.74314,6,855.5546722,145,736,883.2,883.2,883.2,883.2,883.2,883.2,883.2,883.2,883.2,883.2,883.2,883.2,10598.4,0.2,1,0.69,5
90041.57909,6,7959.055947,1265,842,1010.4,1010.4,1010.4,1010.4,1010.4,1010.4,1010.4,1010.4,1010.4,1010.4,1010.4,1010.4,12124.8,0.2,0.96,0.6,51
56625.98059,16,7893.831834,495,930,1488,1488,1488,1488,1488,1488,1488,1488,1488,1488,1488,1488,17856,0.6,1,0.43,28
87576.31826,10,1162.821822,117,946,2365,2365,2365,2365,2365,2365,2365,2365,2365,2365,2365,2365,28380,1.5,0.89,0.37,8
19058.81913,13,1474.316518,112,946,2365,2365,2365,2365,2365,2365,2365,2365,2365,2365,2365,2365,28380,1.5,0.87,0.37,8
63005.95015,14,1503.673372,105,946,756.8,756.8,756.8,756.8,756.8,756.8,756.8,756.8,756.8,756.8,756.8,756.8,9081.6,-0.2,0.98,0.37,8
60353.48769,23,5944.444608,258,946,283.8,283.8,283.8,283.8,283.8,283.8,283.8,283.8,283.8,283.8,283.8,283.8,3405.6,-0.7,0.95,0.37,17
7028.020895,6,10502.73698,1886,946,1702.8,1702.8,1702.8,1702.8,1702.8,1702.8,1702.8,1702.8,1702.8,1702.8,1702.8,1702.8,20433.6,0.8,0.98,0.37,93
89546.99097,30,7874.213785,259,954,1526.4,1526.4,1526.4,1526.4,1526.4,1526.4,1526.4,1526.4,1526.4,1526.4,1526.4,1526.4,18316.8,0.6,0.96,0.38,17
15017.43446,10,9744.19941,959,954,1431,1431,1431,1431,1431,1431,1431,1431,1431,1431,1431,1431,17172,0.5,0.97,0.4,52
62585.84051,20,6950.810597,349,1068,320.4,320.4,320.4,320.4,320.4,320.4,320.4,320.4,320.4,320.4,320.4,320.4,3844.8,-0.7,0.93,0.72,11
17244.61854,7,4167.022466,604,1052,2314.4,2314.4,2314.4,2314.4,2314.4,2314.4,2314.4,2314.4,2314.4,2314.4,2314.4,2314.4,27772.8,1.2,0.77,0.75,16
79960.39306,9,3179.269565,352,1318,2899.6,2899.6,2899.6,2899.6,2899.6,2899.6,2899.6,2899.6,2899.6,2899.6,2899.6,2899.6,34795.2,1.2,0.77,1.61,4
16165.94128,8,2240.643151,276,826,1817.2,1817.2,1817.2,1817.2,1817.2,1817.2,1817.2,1817.2,1817.2,1817.2,1817.2,1817.2,21806.4,1.2,0.77,1.6,5
98586.72215,9,15805.40864,1668,810,1458,1458,1458,1458,1458,1458,1458,1458,1458,1458,1458,1458,17496,0.8,0.77,1.5,33
12808.25974,11,10817.70649,961,1278,1533.6,1533.6,1533.6,1533.6,1533.6,1533.6,1533.6,1533.6,1533.6,1533.6,1533.6,1533.6,18403.2,0.2,0.77,0.59,27
13857.98308,60,12972.8143,218,74,118.4,118.4,118.4,118.4,118.4,118.4,118.4,118.4,118.4,118.4,118.4,118.4,1420.8,0.6,0.77,1.36,55
81553.46788,15,6335.20422,435,898,269.4,269.4,269.4,269.4,269.4,269.4,269.4,269.4,269.4,269.4,269.4,269.4,3232.8,-0.7,0.77,0.68,16
36027.65259,17,1574.478609,93,874,1922.8,1922.8,1922.8,1922.8,1922.8,1922.8,1922.8,1922.8,1922.8,1922.8,1922.8,1922.8,23073.6,1.2,0.77,0.45,6
11660.51327,17,21819.5967,1249,802,962.4,962.4,962.4,962.4,962.4,962.4,962.4,962.4,962.4,962.4,962.4,962.4,11548.8,0.2,0.77,0.7,51
98834.21824,13,6686.334012,532,664,796.8,796.8,796.8,796.8,796.8,796.8,796.8,796.8,796.8,796.8,796.8,796.8,9561.6,0.2,0.77,2.52,8
93176.32465,19,10480.79261,563,1092,2730,2730,2730,2730,2730,2730,2730,2730,2730,2730,2730,2730,32760,1.5,0.77,0.75,16
50321.69367,20,8102.839929,404,300,660,660,660,660,660,660,660,660,660,660,660,660,7920,1.2,0.77,1.28,26
38534.162,7,5541.105599,787,1140,1710,1710,1710,1710,1710,1710,1710,1710,1710,1710,1710,1710,20520,0.5,0.77,0.67,21
97523.24943,8,5661.371187,694,1100,2420,2420,2420,2420,2420,2420,2420,2420,2420,2420,2420,2420,29040,1.2,0.77,0.29,33
49417.42548,16,17631.08452,1116,1384,415.2,415.2,415.2,415.2,415.2,415.2,415.2,415.2,415.2,415.2,415.2,415.2,4982.4,-0.7,0.77,0.86,22
38055.38453,14,30232.62132,2222,592,532.8,532.8,532.8,532.8,532.8,532.8,532.8,532.8,532.8,532.8,532.8,532.8,6393.6,-0.1,0.77,1.01,88
25214.94662,9,1004.175373,113,1206,361.8,361.8,361.8,361.8,361.8,361.8,361.8,361.8,361.8,361.8,361.8,361.8,4341.6,-0.7,0.77,0.42,5
4640.63071,13,13945.26837,1070,1326,1591.2,1591.2,1591.2,1591.2,1591.2,1591.2,1591.2,1591.2,1591.2,1591.2,1591.2,1591.2,19094.4,0.2,0.77,0.66,27
62360.0844,20,14047.6442,703,1884,4144.8,4144.8,4144.8,4144.8,4144.8,4144.8,4144.8,4144.8,4144.8,4144.8,4144.8,4144.8,49737.6,1.2,0.77,0.8,11
51528.00533,6,5467.024393,858,1294,1552.8,1552.8,1552.8,1552.8,1552.8,1552.8,1552.8,1552.8,1552.8,1552.8,1552.8,1552.8,18633.6,0.2,0.77,0.39,28
64160.20509,16,16928.51251,1063,826,495.6,495.6,495.6,495.6,495.6,495.6,495.6,495.6,495.6,495.6,495.6,495.6,5947.2,-0.4,0.77,0.56,50
84042.99035,6,1133.097373,205,406,568.4,568.4,568.4,568.4,568.4,568.4,568.4,568.4,568.4,568.4,568.4,568.4,6820.8,0.4,0.77,0.53,21
30904.28072,29,21004.87293,730,1140,342,342,342,342,342,342,342,342,342,342,342,342,4104,-0.7,0.77,0.41,33
85804.73815,11,18500.12992,1693,810,486,486,486,486,486,486,486,486,486,486,486,486,5832,-0.4,0.77,1.54,33
58083.65422,5,3767.551668,727,728,1092,1092,1092,1092,1092,1092,1092,1092,1092,1092,1092,1092,13104,0.5,0.77,0.69,28
27446.34606,5,8410.622322,1608,954,381.6,381.6,381.6,381.6,381.6,381.6,381.6,381.6,381.6,381.6,381.6,381.6,4579.2,-0.6,0.77,0.62,51
90388.28803,9,1063.510925,122,1488,446.4,446.4,446.4,446.4,446.4,446.4,446.4,446.4,446.4,446.4,446.4,446.4,5356.8,-0.7,0.77,0.33,5
41041.53084,8,5556.830569,712,1166,2915,2915,2915,2915,2915,2915,2915,2915,2915,2915,2915,2915,34980,1.5,0.77,0.58,21
70466.39833,85,68393.33472,803,972,1749.6,1749.6,1749.6,1749.6,1749.6,1749.6,1749.6,1749.6,1749.6,1749.6,1749.6,1749.6,20995.2,0.8,0.77,0.62,32
62012.31696,7,5865.216565,842,1772,3189.6,3189.6,3189.6,3189.6,3189.6,3189.6,3189.6,3189.6,3189.6,3189.6,3189.6,3189.6,38275.2,0.8,0.77,0.58,16
41888.4039,11,2255.741453,209,1730,692,692,692,692,692,692,692,692,692,692,692,692,8304,-0.6,0.77,0.48,5
3243.390147,19,27187.19624,1442,1376,1651.2,1651.2,1651.2,1651.2,1651.2,1651.2,1651.2,1651.2,1651.2,1651.2,1651.2,1651.2,19814.4,0.2,0.77,0.41,52
43781.96218,6,1605.526522,253,1262,1135.8,1135.8,1135.8,1135.8,1135.8,1135.8,1135.8,1135.8,1135.8,1135.8,1135.8,1135.8,13629.6,-0.1,0.77,0.59,8
8994.754483,10,17775.29916,1758,1682,672.8,672.8,672.8,672.8,672.8,672.8,672.8,672.8,672.8,672.8,672.8,672.8,8073.6,-0.6,0.77,0.34,53
43160.03555,6,1203.41712,191,1408,3097.6,3097.6,3097.6,3097.6,3097.6,3097.6,3097.6,3097.6,3097.6,3097.6,3097.6,3097.6,37171.2,1.2,0.77,0.24,6
23852.51996,16,28600.69046,1777,1156,2080.8,2080.8,2080.8,2080.8,2080.8,2080.8,2080.8,2080.8,2080.8,2080.8,2080.8,2080.8,24969.6,0.8,0.77,1.46,26
67475.8241,6,4657.461559,844,1318,790.8,790.8,790.8,790.8,790.8,790.8,790.8,790.8,790.8,790.8,790.8,790.8,9489.6,-0.4,0.77,0.56,21
53960.60565,7,7160.414912,1065,1884,4710,4710,4710,4710,4710,4710,4710,4710,4710,4710,4710,4710,56520,1.5,0.77,0.73,16
82197.08445,10,9914.222455,1018,850,1870,1870,1870,1870,1870,1870,1870,1870,1870,1870,1870,1870,22440,1.2,0.77,1.07,26
88372.4601,12,12859.21163,1108,1116,2008.8,2008.8,2008.8,2008.8,2008.8,2008.8,2008.8,2008.8,2008.8,2008.8,2008.8,2008.8,24105.6,0.8,0.77,1.12,21
58114.46097,7,7036.659497,956,2144,2572.8,2572.8,2572.8,2572.8,2572.8,2572.8,2572.8,2572.8,2572.8,2572.8,2572.8,2572.8,30873.6,0.2,0.77,0.49,17
54421.73052,10,14619.68788,1492,2144,1286.4,1286.4,1286.4,1286.4,1286.4,1286.4,1286.4,1286.4,1286.4,1286.4,1286.4,1286.4,15436.8,-0.4,0.77,0.49,28
21539.09202,31,24582.03845,804,2144,2572.8,2572.8,2572.8,2572.8,2572.8,2572.8,2572.8,2572.8,2572.8,2572.8,2572.8,2572.8,30873.6,0.2,0.77,0.49,17
58828.96152,7,6648.899508,971,2144,1929.6,1929.6,1929.6,1929.6,1929.6,1929.6,1929.6,1929.6,1929.6,1929.6,1929.6,1929.6,23155.2,-0.1,0.77,0.49,17
12583.73606,6,7371.869619,1171,478,1195,1195,1195,1195,1195,1195,1195,1195,1195,1195,1195,1195,14340,1.5,0.77,0.85,61
87697.91586,6,5203.159575,926,1554,3885,3885,3885,3885,3885,3885,3885,3885,3885,3885,3885,3885,46620,1.5,0.77,0.75,16
68144.5966,10,10832.09148,1076,1884,2826,2826,2826,2826,2826,2826,2826,2826,2826,2826,2826,2826,33912,0.5,0.77,0.56,21
21040.67907,7,14684.30781,1970,1610,966,966,966,966,966,966,966,966,966,966,966,966,11592,-0.4,0.77,0.4,53
2797.320736,19,34813.57259,1835,2330,1398,1398,1398,1398,1398,1398,1398,1398,1398,1398,1398,1398,16776,-0.4,0.77,0.25,52
280.7880631,11,12543.42777,1107,1634,2451,2451,2451,2451,2451,2451,2451,2451,2451,2451,2451,2451,29412,0.5,0.77,0.36,34
92208.60078,7,12426.78458,1797,1730,2076,2076,2076,2076,2076,2076,2076,2076,2076,2076,2076,2076,24912,0.2,0.77,0.86,26
70689.35104,6,15733.68208,2513,1384,1660.8,1660.8,1660.8,1660.8,1660.8,1660.8,1660.8,1660.8,1660.8,1660.8,1660.8,1660.8,19929.6,0.2,0.77,0.55,62
74085.86797,5,6844.057473,1286,768,614.4,614.4,614.4,614.4,614.4,614.4,614.4,614.4,614.4,614.4,614.4,614.4,7372.8,-0.2,0.77,0.99,36
86600.20453,13,17410.16315,1368,2692,4038,4038,4038,4038,4038,4038,4038,4038,4038,4038,4038,4038,48456,0.5,0.77,0.71,16
67332.30068,91,99239.78428,1096,2054,2875.6,2875.6,2875.6,2875.6,2875.6,2875.6,2875.6,2875.6,2875.6,2875.6,2875.6,2875.6,34507.2,0.4,0.77,0.34,33
67486.73281,10,29003.96963,2778,1796,2514.4,2514.4,2514.4,2514.4,2514.4,2514.4,2514.4,2514.4,2514.4,2514.4,2514.4,2514.4,30172.8,0.4,0.77,0.5,62
49472.71625,8,8939.957476,1073,566,735.8,735.8,735.8,735.8,735.8,735.8,735.8,735.8,735.8,735.8,735.8,735.8,8829.6,0.3,0.77,2.11,22
38742.02771,8,5510.755484,663,1400,560,560,560,560,560,560,560,560,560,560,560,560,6720,-0.6,0.77,0.97,11
71185.22702,21,46570.63236,2213,2532,5570.4,5570.4,5570.4,5570.4,5570.4,5570.4,5570.4,5570.4,5570.4,5570.4,5570.4,5570.4,66844.8,1.2,0.77,0.5,38
83637.23189,6,17809.1234,2954,2532,4051.2,4051.2,4051.2,4051.2,4051.2,4051.2,4051.2,4051.2,4051.2,4051.2,4051.2,4051.2,48614.4,0.6,0.77,0.5,42
8198.375067,5,14758.43229,2753,2532,2278.8,2278.8,2278.8,2278.8,2278.8,2278.8,2278.8,2278.8,2278.8,2278.8,2278.8,2278.8,27345.6,-0.1,0.77,0.5,38
72167.89241,20,19655.69964,981,2418,3385.2,3385.2,3385.2,3385.2,3385.2,3385.2,3385.2,3385.2,3385.2,3385.2,3385.2,3385.2,40622.4,0.4,0.77,0.27,26
85993.0033,14,65624.83173,4845,2894,3472.8,3472.8,3472.8,3472.8,3472.8,3472.8,3472.8,3472.8,3472.8,3472.8,3472.8,3472.8,41673.6,0.2,0.77,0.35,88
18728.79269,13,29845.88037,2238,1690,3718,3718,3718,3718,3718,3718,3718,3718,3718,3718,3718,3718,44616,1.2,0.77,0.43,61
82525.33971,8,2539.600154,321,2482,4467.6,4467.6,4467.6,4467.6,4467.6,4467.6,4467.6,4467.6,4467.6,4467.6,4467.6,4467.6,53611.2,0.8,0.77,0.49,5
61623.30086,14,19871.11925,1442,3064,1838.4,1838.4,1838.4,1838.4,1838.4,1838.4,1838.4,1838.4,1838.4,1838.4,1838.4,1838.4,22060.8,-0.4,0.77,0.28,28
68005.84706,7,4771.888079,721,2264,4075.2,4075.2,4075.2,4075.2,4075.2,4075.2,4075.2,4075.2,4075.2,4075.2,4075.2,4075.2,48902.4,0.8,0.77,0.55,11
55870.75261,9,61222.8981,6500,1820,2184,2184,2184,2184,2184,2184,2184,2184,2184,2184,2184,2184,26208,0.2,0.77,1.28,66
3168.332644,8,35422.32621,4688,3032,7580,7580,7580,7580,7580,7580,7580,7580,7580,7580,7580,7580,90960,1.5,0.77,0.3,78
65377.15408,19,16197.45646,846,3056,2444.8,2444.8,2444.8,2444.8,2444.8,2444.8,2444.8,2444.8,2444.8,2444.8,2444.8,2444.8,29337.6,-0.2,0.77,0.29,17
42177.39672,24,19900.82446,824,3056,2750.4,2750.4,2750.4,2750.4,2750.4,2750.4,2750.4,2750.4,2750.4,2750.4,2750.4,2750.4,33004.8,-0.1,0.77,0.29,17
32538.50344,20,33735.1494,1709,2394,1915.2,1915.2,1915.2,1915.2,1915.2,1915.2,1915.2,1915.2,1915.2,1915.2,1915.2,1915.2,22982.4,-0.2,0.77,0.42,35
69248.1887,20,47340.23873,2398,2604,5728.8,5728.8,5728.8,5728.8,5728.8,5728.8,5728.8,5728.8,5728.8,5728.8,5728.8,5728.8,68745.6,1.2,0.77,0.59,35
90793.93472,31,53500.03261,1706,2588,3105.6,3105.6,3105.6,3105.6,3105.6,3105.6,3105.6,3105.6,3105.6,3105.6,3105.6,3105.6,37267.2,0.2,0.77,0.43,33
80283.87575,9,18475.1542,1978,2588,4658.4,4658.4,4658.4,4658.4,4658.4,4658.4,4658.4,4658.4,4658.4,4658.4,4658.4,4658.4,55900.8,0.8,0.77,0.76,22
62250.83184,39,201302.1371,5103,3986,3188.8,3188.8,3188.8,3188.8,3188.8,3188.8,3188.8,3188.8,3188.8,3188.8,3188.8,3188.8,38265.6,-0.2,0.77,0.51,57
12512.44766,8,4044.953396,533,4092,3273.6,3273.6,3273.6,3273.6,3273.6,3273.6,3273.6,3273.6,3273.6,3273.6,3273.6,3273.6,39283.2,-0.2,0.77,0.49,5
7137.726453,5,6440.202537,1223,2410,5302,5302,5302,5302,5302,5302,5302,5302,5302,5302,5302,5302,63624,1.2,0.77,0.33,22
3551.005172,7,6585.496991,1012,1780,3204,3204,3204,3204,3204,3204,3204,3204,3204,3204,3204,3204,38448,0.8,0.77,0.73,16
62977.65315,6,24267.20413,4289,2354,5178.8,5178.8,5178.8,5178.8,5178.8,5178.8,5178.8,5178.8,5178.8,5178.8,5178.8,5178.8,62145.6,1.2,0.77,0.71,51
30805.18253,6,7702.452549,1203,2644,6610,6610,6610,6610,6610,6610,6610,6610,6610,6610,6610,6610,79320,1.5,0.77,0.53,16
81765.22543,7,8262.204449,1180,2644,2379.6,2379.6,2379.6,2379.6,2379.6,2379.6,2379.6,2379.6,2379.6,2379.6,2379.6,2379.6,28555.2,-0.1,0.77,0.53,16
72201.46064,7,4209.984611,633,4034,4840.8,4840.8,4840.8,4840.8,4840.8,4840.8,4840.8,4840.8,4840.8,4840.8,4840.8,4840.8,58089.6,0.2,0.77,0.62,5
24000.84476,6,24412.63568,4110,2556,3067.2,3067.2,3067.2,3067.2,3067.2,3067.2,3067.2,3067.2,3067.2,3067.2,3067.2,3067.2,36806.4,0.2,0.77,0.57,53
92370.94968,5,13240.61641,2437,4084,1225.2,1225.2,1225.2,1225.2,1225.2,1225.2,1225.2,1225.2,1225.2,1225.2,1225.2,1225.2,14702.4,-0.7,0.77,1.2,11
34523.52836,14,35574.35437,2491,4278,10695,10695,10695,10695,10695,10695,10695,10695,10695,10695,10695,10695,128340,1.5,0.77,0.54,23
82315.40602,9,17484.46627,1903,3824,4588.8,4588.8,4588.8,4588.8,4588.8,4588.8,4588.8,4588.8,4588.8,4588.8,4588.8,4588.8,55065.6,0.2,0.77,0.22,30
38342.23635,6,3889.54746,664,2894,1736.4,1736.4,1736.4,1736.4,1736.4,1736.4,1736.4,1736.4,1736.4,1736.4,1736.4,1736.4,20836.8,-0.4,0.77,0.52,8
5955.445524,17,5217.518081,309,5166,3099.6,3099.6,3099.6,3099.6,3099.6,3099.6,3099.6,3099.6,3099.6,3099.6,3099.6,3099.6,37195.2,-0.4,0.77,0.68,2
38880.52514,7,19081.22632,2932,3994,4792.8,4792.8,4792.8,4792.8,4792.8,4792.8,4792.8,4792.8,4792.8,4792.8,4792.8,4792.8,57513.6,0.2,0.77,0.35,33
56336.00866,7,14472.65405,2210,3986,9965,9965,9965,9965,9965,9965,9965,9965,9965,9965,9965,9965,119580,1.5,1,0.22,38
32535.36267,7,28362.67474,4087,3986,7174.8,7174.8,7174.8,7174.8,7174.8,7174.8,7174.8,7174.8,7174.8,7174.8,7174.8,7174.8,86097.6,0.8,1,0.22,72
747.6157018,5,34245.97485,6576,3986,9965,9965,9965,9965,9965,9965,9965,9965,9965,9965,9965,9965,119580,1.5,1,0.22,102
72476.04079,13,31282.80758,2384,3986,4783.2,4783.2,4783.2,4783.2,4783.2,4783.2,4783.2,4783.2,4783.2,4783.2,4783.2,4783.2,57398.4,0.2,1,0.22,52
74396.47976,18,45283.88126,2454,3986,2391.6,2391.6,2391.6,2391.6,2391.6,2391.6,2391.6,2391.6,2391.6,2391.6,2391.6,2391.6,28699.2,-0.4,1,0.22,58
44305.27234,7,18206.73771,2509,3986,2391.6,2391.6,2391.6,2391.6,2391.6,2391.6,2391.6,2391.6,2391.6,2391.6,2391.6,2391.6,28699.2,-0.4,1,0.22,45
30446.83697,6,16734.65591,2663,3986,4783.2,4783.2,4783.2,4783.2,4783.2,4783.2,4783.2,4783.2,4783.2,4783.2,4783.2,4783.2,57398.4,0.2,1,0.22,45
80233.63754,11,5720.445679,524,3816,8395.2,8395.2,8395.2,8395.2,8395.2,8395.2,8395.2,8395.2,8395.2,8395.2,8395.2,8395.2,100742.4,1.2,1,0.62,5
89338.77263,8,13450.97613,1763,1892,1513.6,1513.6,1513.6,1513.6,1513.6,1513.6,1513.6,1513.6,1513.6,1513.6,1513.6,1513.6,18163.2,-0.2,1,1.02,21
92952.96023,10,29324.81338,3061,4398,2638.8,2638.8,2638.8,2638.8,2638.8,2638.8,2638.8,2638.8,2638.8,2638.8,2638.8,2638.8,31665.6,-0.4,0.88,0.55,27
35927.35771,7,5501.505134,794,3476,4866.4,4866.4,4866.4,4866.4,4866.4,4866.4,4866.4,4866.4,4866.4,4866.4,4866.4,4866.4,58396.8,0.4,1,0.39,11
41997.10601,6,3253.606032,551,4650,8370,8370,8370,8370,8370,8370,8370,8370,8370,8370,8370,8370,100440,0.8,1,0.44,5
23278.46785,11,35675.63589,3169,4762,10476.4,10476.4,10476.4,10476.4,10476.4,10476.4,10476.4,10476.4,10476.4,10476.4,10476.4,10476.4,125716.8,1.2,1,0.32,42
8431.172843,7,56798.45057,7619,7300,10950,10950,10950,10950,10950,10950,10950,10950,10950,10950,10950,10950,131400,0.5,1,0.71,32
80109.94767,9,27367.09564,3193,5764,3458.4,3458.4,3458.4,3458.4,3458.4,3458.4,3458.4,3458.4,3458.4,3458.4,3458.4,3458.4,41500.8,-0.4,0.82,0.35,28
49467.87115,6,15955.1348,2633,2458,4424.4,4424.4,4424.4,4424.4,4424.4,4424.4,4424.4,4424.4,4424.4,4424.4,4424.4,4424.4,53092.8,0.8,1,0.7,32
12338.91806,10,20838.59181,2135,4844,8719.2,8719.2,8719.2,8719.2,8719.2,8719.2,8719.2,8719.2,8719.2,8719.2,8719.2,8719.2,104630.4,0.8,1,0.44,21
31398.63195,16,121482.6315,7537,6258,2503.2,2503.2,2503.2,2503.2,2503.2,2503.2,2503.2,2503.2,2503.2,2503.2,2503.2,2503.2,30038.4,-0.6,1,0.45,61
18136.1648,6,11892.49223,2144,6210,1863,1863,1863,1863,1863,1863,1863,1863,1863,1863,1863,1863,22356,-0.7,0.87,0.35,16
60478.8553,7,7079.004213,975,7640,13752,13752,13752,13752,13752,13752,13752,13752,13752,13752,13752,13752,165024,0.8,1,0.41,6
97672.2991,7,5591.790073,812,6396,14071.2,14071.2,14071.2,14071.2,14071.2,14071.2,14071.2,14071.2,14071.2,14071.2,14071.2,14071.2,168854.4,1.2,1,0.51,5
53498.3392,5,89424.6024,17024,6670,10005,10005,10005,10005,10005,10005,10005,10005,10005,10005,10005,10005,120060,0.5,0.88,0.45,100
25048.87383,7,16090.94074,2338,7414,18535,18535,18535,18535,18535,18535,18535,18535,18535,18535,18535,18535,222420,1.5,1,0.67,10
91487.04292,15,177154.2713,12075,8812,10574.4,10574.4,10574.4,10574.4,10574.4,10574.4,10574.4,10574.4,10574.4,10574.4,10574.4,10574.4,126892.8,0.2,1,0.95,35
80947.58702,9,95814.93873,10325,7358,4414.8,4414.8,4414.8,4414.8,4414.8,4414.8,4414.8,4414.8,4414.8,4414.8,4414.8,4414.8,52977.6,-0.4,1,0.45,65
71829.76937,17,48070.3359,2894,13104,19656,19656,19656,19656,19656,19656,19656,19656,19656,19656,19656,19656,235872,0.5,1,0.24,19
64596.80984,6,16631.91985,2623,9814,17665.2,17665.2,17665.2,17665.2,17665.2,17665.2,17665.2,17665.2,17665.2,17665.2,17665.2,17665.2,211982.4,0.8,1,0.27,16
79974.57181,5,108400.3926,21221,12926,32315,32315,32315,32315,32315,32315,32315,32315,32315,32315,32315,32315,387780,1.5,1,0.27,90
10644.09722,7,12803.25129,1711,13880,24984,24984,24984,24984,24984,24984,24984,24984,24984,24984,24984,24984,299808,0.8,0.85,0.48,5
10448.96367,7,6337.234787,884,4100,3280,3280,3280,3280,3280,3280,3280,3280,3280,3280,3280,3280,39360,-0.2,0.82,0.77,6
34924.93689,9,28623.44155,3247,14512,31926.4,31926.4,31926.4,31926.4,31926.4,31926.4,31926.4,31926.4,31926.4,31926.4,31926.4,31926.4,383116.8,1.2,0.82,0.37,11
53642.5735,11,37631.74994,3467,10372,22818.4,22818.4,22818.4,22818.4,22818.4,22818.4,22818.4,22818.4,22818.4,22818.4,22818.4,22818.4,273820.8,1.2,1,0.63,12
30629.55147,15,97438.9116,6314,18764,15011.2,15011.2,15011.2,15011.2,15011.2,15011.2,15011.2,15011.2,15011.2,15011.2,15011.2,15011.2,180134.4,-0.2,1,0.35,21
90821.14854,8,11936.99756,1575,16354,6541.6,6541.6,6541.6,6541.6,6541.6,6541.6,6541.6,6541.6,6541.6,6541.6,6541.6,6541.6,78499.2,-0.6,1,0.28,6
16008.34214,24,225666.0851,9519,20242,44532.4,44532.4,44532.4,44532.4,44532.4,44532.4,44532.4,44532.4,44532.4,44532.4,44532.4,44532.4,534388.8,1.2,1,0.54,21
61431.51228,6,490624.0338,76673,96244,173239.2,173239.2,173239.2,173239.2,173239.2,173239.2,173239.2,173239.2,173239.2,173239.2,173239.2,173239.2,2078870.4,0.8,0.82,0.39,35
7168.284088,22,3487.394381,158,914,1279.6,1279.6,1279.6,1279.6,1279.6,1279.6,1279.6,1279.6,1279.6,1279.6,1279.6,1279.6,15355.2,0.4,0.7,0.8,5
61513.44926,24,2256.837185,93,542,1355,1355,1355,1355,1355,1355,1355,1355,1355,1355,1355,1355,16260,1.5,0.7,0.8,5
96698.57672,18,1397.291745,79,380,228,228,228,228,228,228,228,228,228,228,228,228,2736,-0.4,0.7,0.8,5
43993.27283,97,544.6564903,6,34,61.2,61.2,61.2,61.2,61.2,61.2,61.2,61.2,61.2,61.2,61.2,61.2,734.4,0.8,0.7,0.8,5
7989.807903,5,325.7221836,60,300,660,660,660,660,660,660,660,660,660,660,660,660,7920,1.2,0.7,0.8,5
91785.33863,6,58.2384036,10,50,15,15,15,15,15,15,15,15,15,15,15,15,180,-0.7,0.7,0.8,5
54483.07648,13,406.9805554,31,82,24.6,24.6,24.6,24.6,24.6,24.6,24.6,24.6,24.6,24.6,24.6,24.6,295.2,-0.7,0.77,1.12,8
10401.57273,31,35.34453992,1,10,4,4,4,4,4,4,4,4,4,4,4,4,48,-0.6,0.77,0.25,8
65498.0716,49,183.0287192,4,34,27.2,27.2,27.2,27.2,27.2,27.2,27.2,27.2,27.2,27.2,27.2,27.2,326.4,-0.2,0.77,0.25,8
20079.17189,24,28.59588254,1,10,14,14,14,14,14,14,14,14,14,14,14,14,168,0.4,0.77,0.25,8
24990.97608,28,202.4626731,7,26,46.8,46.8,46.8,46.8,46.8,46.8,46.8,46.8,46.8,46.8,46.8,46.8,561.6,0.8,0.77,0.83,8
11568.84245,6,81.01690833,13,26,57.2,57.2,57.2,57.2,57.2,57.2,57.2,57.2,57.2,57.2,57.2,57.2,686.4,1.2,0.77,1.44,8
84047.34263,7,69.37842881,10,26,57.2,57.2,57.2,57.2,57.2,57.2,57.2,57.2,57.2,57.2,57.2,57.2,686.4,1.2,0.77,1.08,8
97265.62288,23,27.18778548,1,10,15,15,15,15,15,15,15,15,15,15,15,15,180,0.5,0.77,0.25,8
41592.17978,62,67.86777205,1,10,6,6,6,6,6,6,6,6,6,6,6,6,72,-0.4,0.77,0.25,8
91775.97226,34,39.08620661,1,10,6,6,6,6,6,6,6,6,6,6,6,6,72,-0.4,0.77,0.25,8
13514.24028,71,76.98230064,1,10,6,6,6,6,6,6,6,6,6,6,6,6,72,-0.4,0.77,0.25,8
45713.31833,11,130.9101177,12,26,39,39,39,39,39,39,39,39,39,39,39,39,468,0.5,0.77,1.44,8
8948.118231,28,237.1614943,8,18,10.8,10.8,10.8,10.8,10.8,10.8,10.8,10.8,10.8,10.8,10.8,10.8,129.6,-0.4,0.77,1.47,8
46840.29979,33,152.0310554,5,10,12,12,12,12,12,12,12,12,12,12,12,12,144,0.2,0.77,1.47,8
26543.223,28,233.0642207,8,18,32.4,32.4,32.4,32.4,32.4,32.4,32.4,32.4,32.4,32.4,32.4,32.4,388.8,0.8,0.77,1.47,8
37521.04229,20,173.1295522,8,18,45,45,45,45,45,45,45,45,45,45,45,45,540,1.5,0.77,1.47,8
36888.23023,30,34.92490435,1,10,8,8,8,8,8,8,8,8,8,8,8,8,96,-0.2,0.77,0.25,8
96559.89403,16,19.64650947,1,10,6,6,6,6,6,6,6,6,6,6,6,6,72,-0.4,0.77,0.25,8
48413.09986,15,54.52217369,4,10,8,8,8,8,8,8,8,8,8,8,8,8,96,-0.2,0.77,1.12,8
69905.31937,8,92.33227689,12,26,15.6,15.6,15.6,15.6,15.6,15.6,15.6,15.6,15.6,15.6,15.6,15.6,187.2,-0.4,0.77,1.35,8
35069.67071,17,129.5708052,8,10,16,16,16,16,16,16,16,16,16,16,16,16,192,0.6,0.77,2.48,8
29174.32198,34,38.3000186,1,10,8,8,8,8,8,8,8,8,8,8,8,8,96,-0.2,0.77,0.25,8
73991.93826,9,30.71350291,3,10,25,25,25,25,25,25,25,25,25,25,25,25,300,1.5,0.77,0.92,8
59728.2109,5,8.465273541,2,10,3,3,3,3,3,3,3,3,3,3,3,3,36,-0.7,0.77,0.25,8
30893.03415,12,229.5433542,20,18,27,27,27,27,27,27,27,27,27,27,27,27,324,0.5,0.77,3.46,8
13433.72832,5,22.75872473,4,26,20.8,20.8,20.8,20.8,20.8,20.8,20.8,20.8,20.8,20.8,20.8,20.8,249.6,-0.2,0.77,0.25,8
48754.45583,460,1178.035991,3,10,8,8,8,8,8,8,8,8,8,8,8,8,96,-0.2,0.82,0.24,27
69438.25951,81,47.86823958,1,10,22,22,22,22,22,22,22,22,22,22,22,22,264,1.2,0.82,0.47,3
48521.12752,194,116.7915912,1,10,6,6,6,6,6,6,6,6,6,6,6,6,72,-0.4,0.82,0.25,5
10159.67823,47,27.93766649,1,10,18,18,18,18,18,18,18,18,18,18,18,18,216,0.8,1,0.49,3
22636.42443,216,309.9316944,1,10,8,8,8,8,8,8,8,8,8,8,8,8,96,-0.2,0.82,1.23,3
79757.16542,21,99.41415295,5,10,8,8,8,8,8,8,8,8,8,8,8,8,96,-0.2,1,2,6
38508.48056,24,37.69802111,2,10,12,12,12,12,12,12,12,12,12,12,12,12,144,0.2,0.8,0.98,4
68359.31198,28,965.7601223,34,10,14,14,14,14,14,14,14,14,14,14,14,14,168,0.4,0.85,2.66,28
76115.21441,18,166.5601342,9,10,22,22,22,22,22,22,22,22,22,22,22,22,264,1.2,1,1.09,21
91854.0598,143,270.7966736,2,10,12,12,12,12,12,12,12,12,12,12,12,12,144,0.2,1,1.23,4
78230.81337,18,286.575757,16,10,25,25,25,25,25,25,25,25,25,25,25,25,300,1.5,1,2.48,16
21326.32163,19,8.1410793,0,10,22,22,22,22,22,22,22,22,22,22,22,22,264,1.2,1,0.31,3
2018.018446,316,7308.255619,23,18,32.4,32.4,32.4,32.4,32.4,32.4,32.4,32.4,32.4,32.4,32.4,32.4,388.8,0.8,1,1.34,25
27348.24635,531,4196.436177,8,10,16,16,16,16,16,16,16,16,16,16,16,16,192,0.6,0.82,0.74,27
20920.7648,39,17.64900696,0,10,12,12,12,12,12,12,12,12,12,12,12,12,144,0.2,1,0.37,3
95171.47714,37,1186.601051,32,18,27,27,27,27,27,27,27,27,27,27,27,27,324,0.5,0.85,1.37,28
4141.507253,28,24.42573328,1,10,12,12,12,12,12,12,12,12,12,12,12,12,144,0.2,0.8,0.69,3
94901.17871,147,294.6561912,2,18,14.4,14.4,14.4,14.4,14.4,14.4,14.4,14.4,14.4,14.4,14.4,14.4,172.8,-0.2,0.8,0.69,4
69218.28128,143,117.5435161,1,18,16.2,16.2,16.2,16.2,16.2,16.2,16.2,16.2,16.2,16.2,16.2,16.2,194.4,-0.1,0.85,0.57,2
12028.39964,34,24.83514717,1,34,54.4,54.4,54.4,54.4,54.4,54.4,54.4,54.4,54.4,54.4,54.4,54.4,652.8,0.6,1,0.25,2
92084.2001,189,475.2702739,3,26,23.4,23.4,23.4,23.4,23.4,23.4,23.4,23.4,23.4,23.4,23.4,23.4,280.8,-0.1,0.7,0.78,3
1132.416829,371,600.6925617,2,18,21.6,21.6,21.6,21.6,21.6,21.6,21.6,21.6,21.6,21.6,21.6,21.6,259.2,0.2,1,0.78,3
93549.10259,115,412.262779,4,34,74.8,74.8,74.8,74.8,74.8,74.8,74.8,74.8,74.8,74.8,74.8,74.8,897.6,1.2,1,0.68,4
59794.46789,92,4901.579809,53,26,31.2,31.2,31.2,31.2,31.2,31.2,31.2,31.2,31.2,31.2,31.2,31.2,374.4,0.2,1,1.06,50
27931.1516,10,202.9660413,20,26,20.8,20.8,20.8,20.8,20.8,20.8,20.8,20.8,20.8,20.8,20.8,20.8,249.6,-0.2,1,1.09,17
35673.96558,54,107.1232107,2,18,32.4,32.4,32.4,32.4,32.4,32.4,32.4,32.4,32.4,32.4,32.4,32.4,388.8,0.8,0.87,0.69,4
67973.73257,282,8936.993402,32,26,15.6,15.6,15.6,15.6,15.6,15.6,15.6,15.6,15.6,15.6,15.6,15.6,187.2,-0.4,1,1.27,25
64792.18691,25,1288.757319,51,34,51,51,51,51,51,51,51,51,51,51,51,51,612,0.5,0.85,1.14,28
54367.23601,22,384.9328893,17,18,32.4,32.4,32.4,32.4,32.4,32.4,32.4,32.4,32.4,32.4,32.4,32.4,388.8,0.8,1,1.61,15
32416.58346,28,1211.932898,43,26,7.8,7.8,7.8,7.8,7.8,7.8,7.8,7.8,7.8,7.8,7.8,7.8,93.6,-0.7,0.85,1.84,28
78607.59891,25,1122.730382,45,34,74.8,74.8,74.8,74.8,74.8,74.8,74.8,74.8,74.8,74.8,74.8,74.8,897.6,1.2,0.85,1.45,28
41576.82015,206,3110.348456,15,18,27,27,27,27,27,27,27,27,27,27,27,27,324,0.5,1,2.73,8
93388.69442,12,134.0556312,11,26,39,39,39,39,39,39,39,39,39,39,39,39,468,0.5,0.85,1.01,10
94298.91717,23,373.0441463,16,18,21.6,21.6,21.6,21.6,21.6,21.6,21.6,21.6,21.6,21.6,21.6,21.6,259.2,0.2,0.85,0.97,23
42600.17895,25,1589.416302,63,42,75.6,75.6,75.6,75.6,75.6,75.6,75.6,75.6,75.6,75.6,75.6,75.6,907.2,0.8,0.85,1.67,28
76119.6571,22,409.2331778,18,18,21.6,21.6,21.6,21.6,21.6,21.6,21.6,21.6,21.6,21.6,21.6,21.6,259.2,0.2,0.85,1.1,23
40362.31439,42,47.06616537,1,26,15.6,15.6,15.6,15.6,15.6,15.6,15.6,15.6,15.6,15.6,15.6,15.6,187.2,-0.4,1,0.35,3
55607.84764,41,47.88183297,1,18,14.4,14.4,14.4,14.4,14.4,14.4,14.4,14.4,14.4,14.4,14.4,14.4,172.8,-0.2,1,0.54,3
67616.65104,74,275.6900678,4,34,20.4,20.4,20.4,20.4,20.4,20.4,20.4,20.4,20.4,20.4,20.4,20.4,244.8,-0.4,0.85,0.44,6
54137.96425,22,1067.069569,50,42,16.8,16.8,16.8,16.8,16.8,16.8,16.8,16.8,16.8,16.8,16.8,16.8,201.6,-0.6,0.82,1.07,23
50881.52299,143,174.2455615,1,34,20.4,20.4,20.4,20.4,20.4,20.4,20.4,20.4,20.4,20.4,20.4,20.4,244.8,-0.4,0.7,0.35,2
16357.87583,43,965.3842642,22,26,15.6,15.6,15.6,15.6,15.6,15.6,15.6,15.6,15.6,15.6,15.6,15.6,187.2,-0.4,1,1.03,18
12533.72729,72,456.2927547,6,42,92.4,92.4,92.4,92.4,92.4,92.4,92.4,92.4,92.4,92.4,92.4,92.4,1108.8,1.2,1,1.3,3
62403.27701,40,1159.470361,29,82,147.6,147.6,147.6,147.6,147.6,147.6,147.6,147.6,147.6,147.6,147.6,147.6,1771.2,0.8,1,0.25,28
82248.32662,1104,3945.172319,4,58,23.2,23.2,23.2,23.2,23.2,23.2,23.2,23.2,23.2,23.2,23.2,23.2,278.4,-0.6,0.81,0.5,3
52071.58392,7,173.3175635,25,10,8,8,8,8,8,8,8,8,8,8,8,8,96,-0.2,1,2.48,25
28729.89906,71,3891.496925,54,50,110,110,110,110,110,110,110,110,110,110,110,110,1320,1.2,0.85,0.89,31
52153.34181,30,407.981158,14,50,60,60,60,60,60,60,60,60,60,60,60,60,720,0.2,1,0.25,25
54009.31797,23,1015.252677,43,66,39.6,39.6,39.6,39.6,39.6,39.6,39.6,39.6,39.6,39.6,39.6,39.6,475.2,-0.4,0.82,0.68,28
68435.63096,107,4829.923437,45,58,69.6,69.6,69.6,69.6,69.6,69.6,69.6,69.6,69.6,69.6,69.6,69.6,835.2,0.2,0.85,0.95,21
13779.47586,383,19022.94018,50,34,20.4,20.4,20.4,20.4,20.4,20.4,20.4,20.4,20.4,20.4,20.4,20.4,244.8,-0.4,0.85,1.18,32
2813.969934,22,236.0560045,11,66,19.8,19.8,19.8,19.8,19.8,19.8,19.8,19.8,19.8,19.8,19.8,19.8,237.6,-0.7,1,1.37,3
19447.59679,92,735.0355757,8,58,52.2,52.2,52.2,52.2,52.2,52.2,52.2,52.2,52.2,52.2,52.2,52.2,626.4,-0.1,1,0.6,5
99849.03071,19,1048.656394,55,42,63,63,63,63,63,63,63,63,63,63,63,63,756,0.5,0.82,1.19,23
10514.99874,7,143.4774455,20,10,6,6,6,6,6,6,6,6,6,6,6,6,72,-0.4,1,1,46
2809.055866,43,1107.329546,26,106,84.8,84.8,84.8,84.8,84.8,84.8,84.8,84.8,84.8,84.8,84.8,84.8,1017.6,-0.2,1,0.25,28
13599.73411,27,2387.049481,90,82,205,205,205,205,205,205,205,205,205,205,205,205,2460,1.5,0.85,0.97,28
70304.02287,12,808.4576941,65,82,147.6,147.6,147.6,147.6,147.6,147.6,147.6,147.6,147.6,147.6,147.6,147.6,1771.2,0.8,1,0.68,23
68029.7579,9,2859.027,307,74,133.2,133.2,133.2,133.2,133.2,133.2,133.2,133.2,133.2,133.2,133.2,133.2,1598.4,0.8,1,1.35,74
93202.32543,12,278.4553018,22,26,20.8,20.8,20.8,20.8,20.8,20.8,20.8,20.8,20.8,20.8,20.8,20.8,249.6,-0.2,1,0.94,22
45879.09284,9,43.02565203,5,58,92.8,92.8,92.8,92.8,92.8,92.8,92.8,92.8,92.8,92.8,92.8,92.8,1113.6,0.6,1,0.42,4
27165.81733,31,146.461082,5,34,85,85,85,85,85,85,85,85,85,85,85,85,1020,1.5,1,1.18,3
26443.5343,15,2748.757972,184,106,190.8,190.8,190.8,190.8,190.8,190.8,190.8,190.8,190.8,190.8,190.8,190.8,2289.6,0.8,0.85,1.89,23
43598.46964,93,1545.225046,17,58,145,145,145,145,145,145,145,145,145,145,145,145,1740,1.5,1,0.56,16
64582.05918,27,1397.233607,51,50,70,70,70,70,70,70,70,70,70,70,70,70,840,0.4,1,1.12,28
80846.9168,57,3707.673513,65,66,52.8,52.8,52.8,52.8,52.8,52.8,52.8,52.8,52.8,52.8,52.8,52.8,633.6,-0.2,0.75,1.47,17
78905.07537,9,88.24911737,10,98,58.8,58.8,58.8,58.8,58.8,58.8,58.8,58.8,58.8,58.8,58.8,58.8,705.6,-0.4,1,1.25,2
23693.3684,47,75.52610757,2,66,92.4,92.4,92.4,92.4,92.4,92.4,92.4,92.4,92.4,92.4,92.4,92.4,1108.8,0.4,1,0.19,3
45214.4679,27,1067.726234,39,34,20.4,20.4,20.4,20.4,20.4,20.4,20.4,20.4,20.4,20.4,20.4,20.4,244.8,-0.4,0.82,1.05,23
37503.0496,81,542.7920377,7,50,60,60,60,60,60,60,60,60,60,60,60,60,720,0.2,0.73,0.82,4
91457.61403,10,424.619096,42,34,30.6,30.6,30.6,30.6,30.6,30.6,30.6,30.6,30.6,30.6,30.6,30.6,367.2,-0.1,1,1.52,20
2890.793752,73,431.2860609,6,74,44.4,44.4,44.4,44.4,44.4,44.4,44.4,44.4,44.4,44.4,44.4,44.4,532.8,-0.4,0.75,0.99,2
4972.487359,31,2499.252383,82,90,72,72,72,72,72,72,72,72,72,72,72,72,864,-0.2,0.75,0.88,25
52793.46202,19,8416.300349,441,162,145.8,145.8,145.8,145.8,145.8,145.8,145.8,145.8,145.8,145.8,145.8,145.8,1749.6,-0.1,0.85,2.48,28
39398.79289,19,6465.808706,339,162,291.6,291.6,291.6,291.6,291.6,291.6,291.6,291.6,291.6,291.6,291.6,291.6,3499.2,0.8,0.85,1.89,28
4511.179675,24,85.04178,4,58,104.4,104.4,104.4,104.4,104.4,104.4,104.4,104.4,104.4,104.4,104.4,104.4,1252.8,0.8,1,0.49,3
93725.67222,7,1339.104078,187,98,88.2,88.2,88.2,88.2,88.2,88.2,88.2,88.2,88.2,88.2,88.2,88.2,1058.4,-0.1,1,0.77,46
39231.86401,69,4332.845182,63,74,118.4,118.4,118.4,118.4,118.4,118.4,118.4,118.4,118.4,118.4,118.4,118.4,1420.8,0.6,0.82,0.68,31
36471.18527,10,403.3821677,41,58,69.6,69.6,69.6,69.6,69.6,69.6,69.6,69.6,69.6,69.6,69.6,69.6,835.2,0.2,1,0.73,22
72009.44844,11,47.85365953,4,74,185,185,185,185,185,185,185,185,185,185,185,185,2220,1.5,1,0.42,3
9888.345393,9,170.0192822,20,90,126,126,126,126,126,126,126,126,126,126,126,126,1512,0.4,1,1.02,5
15592.2983,19,9207.46088,483,186,279,279,279,279,279,279,279,279,279,279,279,279,3348,0.5,0.85,2.36,28
52881.43645,8,2747.890085,330,162,259.2,259.2,259.2,259.2,259.2,259.2,259.2,259.2,259.2,259.2,259.2,259.2,3110.4,0.6,1,1.11,43
29759.84406,19,1063.903974,56,146,175.2,175.2,175.2,175.2,175.2,175.2,175.2,175.2,175.2,175.2,175.2,175.2,2102.4,0.2,0.95,0.5,22
17735.99899,33,1585.58381,48,74,111,111,111,111,111,111,111,111,111,111,111,111,1332,0.5,0.85,0.85,23
86716.7742,13,1041.734735,80,98,137.2,137.2,137.2,137.2,137.2,137.2,137.2,137.2,137.2,137.2,137.2,137.2,1646.4,0.4,1,1.05,23
56592.45296,11,1216.490979,107,220,484,484,484,484,484,484,484,484,484,484,484,484,5808,1.2,0.85,0.25,28
40235.04519,45,3935.788087,88,220,396,396,396,396,396,396,396,396,396,396,396,396,4752,0.8,0.85,0.25,33
8379.849283,27,1415.775176,52,170,204,204,204,204,204,204,204,204,204,204,204,204,2448,0.2,0.75,1.3,5
49745.15509,28,12137.41236,428,162,64.8,64.8,64.8,64.8,64.8,64.8,64.8,64.8,64.8,64.8,64.8,64.8,777.6,-0.6,0.85,2.96,23
81186.83623,10,2546.947117,265,162,194.4,194.4,194.4,194.4,194.4,194.4,194.4,194.4,194.4,194.4,194.4,194.4,2332.8,0.2,0.85,1.74,23
94965.05464,11,809.6130068,74,106,63.6,63.6,63.6,63.6,63.6,63.6,63.6,63.6,63.6,63.6,63.6,63.6,763.2,-0.4,1,0.64,21
18878.15735,15,1303.131317,90,130,325,325,325,325,325,325,325,325,325,325,325,325,3900,1.5,0.75,0.85,23
68042.0436,11,1574.457325,137,170,238,238,238,238,238,238,238,238,238,238,238,238,2856,0.4,0.82,1.01,23
42528.76975,15,1189.456249,80,284,227.2,227.2,227.2,227.2,227.2,227.2,227.2,227.2,227.2,227.2,227.2,227.2,2726.4,-0.2,1,0.25,28
66171.33683,23,1397.606284,61,268,214.4,214.4,214.4,214.4,214.4,214.4,214.4,214.4,214.4,214.4,214.4,214.4,2572.8,-0.2,1,0.25,17
42916.78441,7,2404.004719,329,204,326.4,326.4,326.4,326.4,326.4,326.4,326.4,326.4,326.4,326.4,326.4,326.4,3916.8,0.6,1,0.77,46
71293.47981,9,1262.857693,140,90,108,108,108,108,108,108,108,108,108,108,108,108,1296,0.2,1,0.96,46
76461.28919,30,1350.991697,45,122,268.4,268.4,268.4,268.4,268.4,268.4,268.4,268.4,268.4,268.4,268.4,268.4,3220.8,1.2,0.7,0.68,15
27362.13935,68,6495.48042,96,106,159,159,159,159,159,159,159,159,159,159,159,159,1908,0.5,0.7,0.68,31
40785.58375,89,2246.646001,25,162,97.2,97.2,97.2,97.2,97.2,97.2,97.2,97.2,97.2,97.2,97.2,97.2,1166.4,-0.4,0.82,0.54,7
28756.86246,20,1064.046799,53,178,249.2,249.2,249.2,249.2,249.2,249.2,249.2,249.2,249.2,249.2,249.2,249.2,2990.4,0.4,0.83,0.66,13
54531.10639,30,1765.840804,58,178,142.4,142.4,142.4,142.4,142.4,142.4,142.4,142.4,142.4,142.4,142.4,142.4,1708.8,-0.2,1,0.66,15
56878.11327,38,319.5117215,8,146,204.4,204.4,204.4,204.4,204.4,204.4,204.4,204.4,204.4,204.4,204.4,204.4,2452.8,0.4,0.87,0.72,2
50727.27312,210,2541.25775,12,204,326.4,326.4,326.4,326.4,326.4,326.4,326.4,326.4,326.4,326.4,326.4,326.4,3916.8,0.6,0.87,0.36,4
80344.90305,11,91.26226391,8,186,148.8,148.8,148.8,148.8,148.8,148.8,148.8,148.8,148.8,148.8,148.8,148.8,1785.6,-0.2,1,0.29,3
86221.78178,6,90.1303502,15,170,153,153,153,153,153,153,153,153,153,153,153,153,1836,-0.1,0.85,0.25,5
82397.14582,12,1032.575177,87,66,39.6,39.6,39.6,39.6,39.6,39.6,39.6,39.6,39.6,39.6,39.6,39.6,475.2,-0.4,0.82,1.16,23
24687.64874,30,6644.578662,223,186,409.2,409.2,409.2,409.2,409.2,409.2,409.2,409.2,409.2,409.2,409.2,409.2,4910.4,1.2,0.71,1.29,23
53178.28644,9,1605.677356,185,114,136.8,136.8,136.8,136.8,136.8,136.8,136.8,136.8,136.8,136.8,136.8,136.8,1641.6,0.2,1,1.03,45
97900.13584,9,64.2191994,7,186,279,279,279,279,279,279,279,279,279,279,279,279,3348,0.5,0.9,0.18,3
89175.46102,63,1151.186665,18,292,175.2,175.2,175.2,175.2,175.2,175.2,175.2,175.2,175.2,175.2,175.2,175.2,2102.4,-0.4,0.94,0.65,3
43162.74144,12,1034.469089,86,138,110.4,110.4,110.4,110.4,110.4,110.4,110.4,110.4,110.4,110.4,110.4,110.4,1324.8,-0.2,0.77,0.74,23
7766.697457,34,10135.78992,294,236,141.6,141.6,141.6,141.6,141.6,141.6,141.6,141.6,141.6,141.6,141.6,141.6,1699.2,-0.4,0.82,0.88,35
28221.53884,12,2218.950793,179,276,331.2,331.2,331.2,331.2,331.2,331.2,331.2,331.2,331.2,331.2,331.2,331.2,3974.4,0.2,0.71,0.62,22
13305.90624,7,2536.37189,358,268,375.2,375.2,375.2,375.2,375.2,375.2,375.2,375.2,375.2,375.2,375.2,375.2,4502.4,0.4,1,0.61,46
69270.3075,9,3379.134238,392,252,378,378,378,378,378,378,378,378,378,378,378,378,4536,0.5,1,0.76,46
73771.9607,10,2524.267476,261,300,360,360,360,360,360,360,360,360,360,360,360,360,4320,0.2,0.82,0.86,23
18379.25448,8,4026.799077,521,228,68.4,68.4,68.4,68.4,68.4,68.4,68.4,68.4,68.4,68.4,68.4,68.4,820.8,-0.7,1,1.16,46
75465.74089,10,922.6733944,92,228,91.2,91.2,91.2,91.2,91.2,91.2,91.2,91.2,91.2,91.2,91.2,91.2,1094.4,-0.6,0.85,0.62,12
40053.72223,19,882.9364864,47,340,204,204,204,204,204,204,204,204,204,204,204,204,2448,-0.4,0.95,0.55,5
59245.0841,19,3876.491328,205,196,294,294,294,294,294,294,294,294,294,294,294,294,3528,0.5,0.7,1.09,23
27126.64462,53,12519.90979,237,332,99.6,99.6,99.6,99.6,99.6,99.6,99.6,99.6,99.6,99.6,99.6,99.6,1195.2,-0.7,0.7,0.73,23
85753.58412,62,23248.0727,374,414,248.4,248.4,248.4,248.4,248.4,248.4,248.4,248.4,248.4,248.4,248.4,248.4,2980.8,-0.4,0.7,0.68,31
18353.49057,29,9177.154156,318,406,487.2,487.2,487.2,487.2,487.2,487.2,487.2,487.2,487.2,487.2,487.2,487.2,5846.4,0.2,0.85,0.84,23
64862.27061,62,3373.532559,55,380,684,684,684,684,684,684,684,684,684,684,684,684,8208,0.8,0.82,0.58,6
17700.07071,6,1255.775669,198,380,456,456,456,456,456,456,456,456,456,456,456,456,5472,0.2,1,0.94,15
92841.77308,18,5521.901366,308,414,621,621,621,621,621,621,621,621,621,621,621,621,7452,0.5,0.85,0.77,23
50753.1553,12,8967.403428,771,664,1460.8,1460.8,1460.8,1460.8,1460.8,1460.8,1460.8,1460.8,1460.8,1460.8,1460.8,1460.8,17529.6,1.2,0.7,1.19,23
41079.60145,26,12013.09073,459,364,582.4,582.4,582.4,582.4,582.4,582.4,582.4,582.4,582.4,582.4,582.4,582.4,6988.8,0.6,0.7,0.41,60
94947.71683,26,10464.3088,406,364,655.2,655.2,655.2,655.2,655.2,655.2,655.2,655.2,655.2,655.2,655.2,655.2,7862.4,0.8,0.83,0.41,60
94485.72991,26,10549.06598,409,364,218.4,218.4,218.4,218.4,218.4,218.4,218.4,218.4,218.4,218.4,218.4,218.4,2620.8,-0.4,0.82,0.41,60
49987.42053,21,9908.940748,462,372,558,558,558,558,558,558,558,558,558,558,558,558,6696,0.5,0.85,0.4,68
62669.72857,11,1380.233066,130,372,148.8,148.8,148.8,148.8,148.8,148.8,148.8,148.8,148.8,148.8,148.8,148.8,1785.6,-0.6,0.71,0.4,13
79937.84794,19,7879.766508,424,372,930,930,930,930,930,930,930,930,930,930,930,930,11160,1.5,0.82,0.4,60
75778.01045,19,7862.349942,424,372,669.6,669.6,669.6,669.6,669.6,669.6,669.6,669.6,669.6,669.6,669.6,669.6,8035.2,0.8,0.82,0.4,60
53079.25885,19,9000.147491,475,372,334.8,334.8,334.8,334.8,334.8,334.8,334.8,334.8,334.8,334.8,334.8,334.8,4017.6,-0.1,0.7,0.4,60
29275.11571,10,1139.194345,114,406,1015,1015,1015,1015,1015,1015,1015,1015,1015,1015,1015,1015,12180,1.5,1,0.42,17
45494.15842,7,7240.030011,973,672,1075.2,1075.2,1075.2,1075.2,1075.2,1075.2,1075.2,1075.2,1075.2,1075.2,1075.2,1075.2,12902.4,0.6,1,0.68,46
14606.23724,13,3354.984764,263,478,1051.6,1051.6,1051.6,1051.6,1051.6,1051.6,1051.6,1051.6,1051.6,1051.6,1051.6,1051.6,12619.2,1.2,1,0.43,28
15253.35954,23,3928.199648,173,372,818.4,818.4,818.4,818.4,818.4,818.4,818.4,818.4,818.4,818.4,818.4,818.4,9820.8,1.2,0.85,0.51,21
5404.511258,62,17564.53811,285,406,609,609,609,609,609,609,609,609,609,609,609,609,7308,0.5,0.7,0.49,31
76912.21514,7,6429.559673,879,584,700.8,700.8,700.8,700.8,700.8,700.8,700.8,700.8,700.8,700.8,700.8,700.8,8409.6,0.2,1,0.71,46
21094.16479,10,3889.726227,394,680,1700,1700,1700,1700,1700,1700,1700,1700,1700,1700,1700,1700,20400,1.5,0.82,0.52,23
30739.83347,7,3484.250934,473,494,741,741,741,741,741,741,741,741,741,741,741,741,8892,0.5,1,0.4,46
65825.06061,15,229.0895859,15,526,736.4,736.4,736.4,736.4,736.4,736.4,736.4,736.4,736.4,736.4,736.4,736.4,8836.8,0.4,1,0.18,3
15390.4921,12,3192.265558,270,712,854.4,854.4,854.4,854.4,854.4,854.4,854.4,854.4,854.4,854.4,854.4,854.4,10252.8,0.2,0.88,0.34,22
9459.675836,6,953.1312711,152,640,1408,1408,1408,1408,1408,1408,1408,1408,1408,1408,1408,1408,16896,1.2,0.82,0.86,5
70191.94028,60,39154.3472,655,656,1443.2,1443.2,1443.2,1443.2,1443.2,1443.2,1443.2,1443.2,1443.2,1443.2,1443.2,1443.2,17318.4,1.2,0.77,0.79,31
40486.81469,15,7800.293837,516,826,2065,2065,2065,2065,2065,2065,2065,2065,2065,2065,2065,2065,24780,1.5,0.85,0.49,28
40954.52543,14,2330.3893,166,390,702,702,702,702,702,702,702,702,702,702,702,702,8424,0.8,1,0.43,22
72649.08856,24,8457.70694,346,558,669.6,669.6,669.6,669.6,669.6,669.6,669.6,669.6,669.6,669.6,669.6,669.6,8035.2,0.2,1,0.66,23
96233.84203,10,6841.039664,717,850,1530,1530,1530,1530,1530,1530,1530,1530,1530,1530,1530,1530,18360,0.8,0.7,0.71,25
81592.47126,9,1453.42356,161,914,274.2,274.2,274.2,274.2,274.2,274.2,274.2,274.2,274.2,274.2,274.2,274.2,3290.4,-0.7,0.71,0.62,7
59688.16531,7,5711.947437,807,850,1190,1190,1190,1190,1190,1190,1190,1190,1190,1190,1190,1190,14280,0.4,1,0.39,46
50536.67543,11,4376.542771,389,566,849,849,849,849,849,849,849,849,849,849,849,849,10188,0.5,0.85,0.67,23
94028.81348,21,10398.22358,501,874,699.2,699.2,699.2,699.2,699.2,699.2,699.2,699.2,699.2,699.2,699.2,699.2,8390.4,-0.2,1,0.6,23
12912.21779,8,985.1923499,117,1012,1619.2,1619.2,1619.2,1619.2,1619.2,1619.2,1619.2,1619.2,1619.2,1619.2,1619.2,1619.2,19430.4,0.6,0.82,0.34,5
43822.25836,11,288.9847359,27,914,1645.2,1645.2,1645.2,1645.2,1645.2,1645.2,1645.2,1645.2,1645.2,1645.2,1645.2,1645.2,19742.4,0.8,1,0.16,3
61494.19702,16,738.7342376,46,890,1424,1424,1424,1424,1424,1424,1424,1424,1424,1424,1424,1424,17088,0.6,0.93,0.5,2
42720.38638,27,6620.517341,245,1148,459.2,459.2,459.2,459.2,459.2,459.2,459.2,459.2,459.2,459.2,459.2,459.2,5510.4,-0.6,0.83,0.49,10
91970.25303,58,2439.833904,42,962,2116.4,2116.4,2116.4,2116.4,2116.4,2116.4,2116.4,2116.4,2116.4,2116.4,2116.4,2116.4,25396.8,1.2,0.92,0.55,2
36726.63114,7,9829.818596,1367,744,446.4,446.4,446.4,446.4,446.4,446.4,446.4,446.4,446.4,446.4,446.4,446.4,5356.8,-0.4,0.83,0.88,46
7029.358676,7,1692.891846,234,1334,2134.4,2134.4,2134.4,2134.4,2134.4,2134.4,2134.4,2134.4,2134.4,2134.4,2134.4,2134.4,25612.8,0.6,0.85,0.33,11
19193.13063,14,28943.0202,2114,2474,3711,3711,3711,3711,3711,3711,3711,3711,3711,3711,3711,3711,44532,0.5,0.85,0.88,23
87190.2062,45,32884.61655,730,1554,2331,2331,2331,2331,2331,2331,2331,2331,2331,2331,2331,2331,27972,0.5,1,0.51,23
2264.265334,9,6074.293352,682,972,874.8,874.8,874.8,874.8,874.8,874.8,874.8,874.8,874.8,874.8,874.8,874.8,10497.6,-0.1,0.83,1.28,13
89670.35653,7,16473.8342,2284,1868,1494.4,1494.4,1494.4,1494.4,1494.4,1494.4,1494.4,1494.4,1494.4,1494.4,1494.4,1494.4,17932.8,-0.2,0.8,0.51,46
2465.773782,16,29441.27556,1864,1812,2718,2718,2718,2718,2718,2718,2718,2718,2718,2718,2718,2718,32616,0.5,0.7,0.84,28
43704.71123,10,4419.930973,424,1868,1120.8,1120.8,1120.8,1120.8,1120.8,1120.8,1120.8,1120.8,1120.8,1120.8,1120.8,1120.8,13449.6,-0.4,0.83,0.18,17
33428.60448,21,46190.35805,2198,1634,1470.6,1470.6,1470.6,1470.6,1470.6,1470.6,1470.6,1470.6,1470.6,1470.6,1470.6,1470.6,17647.2,-0.1,0.82,0.43,68
7170.446972,6,743.0895032,127,2062,1237.2,1237.2,1237.2,1237.2,1237.2,1237.2,1237.2,1237.2,1237.2,1237.2,1237.2,1237.2,14846.4,-0.4,0.86,0.48,2
19439.60814,59,56004.29413,952,1554,2486.4,2486.4,2486.4,2486.4,2486.4,2486.4,2486.4,2486.4,2486.4,2486.4,2486.4,2486.4,29836.8,0.6,0.7,0.68,21
36309.32121,9,13649.47083,1561,1536,3379.2,3379.2,3379.2,3379.2,3379.2,3379.2,3379.2,3379.2,3379.2,3379.2,3379.2,3379.2,40550.4,1.2,0.77,0.44,43
62420.5743,9,19111.10587,2094,2450,1470,1470,1470,1470,1470,1470,1470,1470,1470,1470,1470,1470,17640,-0.4,0.7,0.8,23
23548.24418,17,36627.4773,2141,2660,4256,4256,4256,4256,4256,4256,4256,4256,4256,4256,4256,4256,51072,0.6,0.7,0.62,28
39885.56665,35,1485.676141,43,2596,3115.2,3115.2,3115.2,3115.2,3115.2,3115.2,3115.2,3115.2,3115.2,3115.2,3115.2,3115.2,37382.4,0.2,0.8,0.45,1
54186.82985,40,68835.04433,1716,2944,1766.4,1766.4,1766.4,1766.4,1766.4,1766.4,1766.4,1766.4,1766.4,1766.4,1766.4,1766.4,21196.8,-0.4,0.7,0.56,23
4569.760124,40,64463.6887,1595,2774,4438.4,4438.4,4438.4,4438.4,4438.4,4438.4,4438.4,4438.4,4438.4,4438.4,4438.4,4438.4,53260.8,0.6,0.7,0.55,23
29387.11002,9,15905.03608,1742,2684,3489.2,3489.2,3489.2,3489.2,3489.2,3489.2,3489.2,3489.2,3489.2,3489.2,3489.2,3489.2,41870.4,0.3,0.9,0.26,43
16141.79206,7,23457.72556,3268,3890,8558,8558,8558,8558,8558,8558,8558,8558,8558,8558,8558,8558,102696,1.2,1,0.33,46
65537.65773,6,3281.037152,563,3396,5094,5094,5094,5094,5094,5094,5094,5094,5094,5094,5094,5094,61128,0.5,0.82,0.66,5
35915.04203,27,40706.03408,1496,3502,5253,5253,5253,5253,5253,5253,5253,5253,5253,5253,5253,5253,63036,0.5,0.7,0.33,23
97658.69905,9,12864.44773,1495,3558,2134.8,2134.8,2134.8,2134.8,2134.8,2134.8,2134.8,2134.8,2134.8,2134.8,2134.8,2134.8,25617.6,-0.4,1,0.21,33
95637.65634,10,30433.06076,2923,4488,8078.4,8078.4,8078.4,8078.4,8078.4,8078.4,8078.4,8078.4,8078.4,8078.4,8078.4,8078.4,96940.8,0.8,0.85,0.62,23
93718.02454,9,15531.62354,1747,4188,3769.2,3769.2,3769.2,3769.2,3769.2,3769.2,3769.2,3769.2,3769.2,3769.2,3769.2,3769.2,45230.4,-0.1,1,0.4,21
63575.69139,8,26026.61118,3199,3534,8835,8835,8835,8835,8835,8835,8835,8835,8835,8835,8835,8835,106020,1.5,1,0.42,43
55020.73056,11,25696.86893,2334,5352,6422.4,6422.4,6422.4,6422.4,6422.4,6422.4,6422.4,6422.4,6422.4,6422.4,6422.4,6422.4,77068.8,0.2,0.85,0.37,23
90687.4663,10,26664.97773,2777,5450,1635,1635,1635,1635,1635,1635,1635,1635,1635,1635,1635,1635,19620,-0.7,0.7,0.36,23
93757.32748,14,35739.57433,2515,5046,8073.6,8073.6,8073.6,8073.6,8073.6,8073.6,8073.6,8073.6,8073.6,8073.6,8073.6,8073.6,96883.2,0.6,0.7,0.25,28
16292.38619,9,48762.77343,5158,7914,2374.2,2374.2,2374.2,2374.2,2374.2,2374.2,2374.2,2374.2,2374.2,2374.2,2374.2,2374.2,28490.4,-0.7,0.85,0.61,23
47951.68833,26,46210.46051,1795,5974,8961,8961,8961,8961,8961,8961,8961,8961,8961,8961,8961,8961,107532,0.5,0.82,0.24,23
1627.077928,8,35511.61145,4521,6758,12164.4,12164.4,12164.4,12164.4,12164.4,12164.4,12164.4,12164.4,12164.4,12164.4,12164.4,12164.4,145972.8,0.8,0.92,0.26,43
35617.26411,45,149293.1047,3336,7122,15668.4,15668.4,15668.4,15668.4,15668.4,15668.4,15668.4,15668.4,15668.4,15668.4,15668.4,15668.4,188020.8,1.2,0.7,0.41,23
32397.04157,10,84209.71698,8669,7964,6371.2,6371.2,6371.2,6371.2,6371.2,6371.2,6371.2,6371.2,6371.2,6371.2,6371.2,6371.2,76454.4,-0.2,0.83,0.48,46
18214.79285,7,112380.5624,15012,11432,3429.6,3429.6,3429.6,3429.6,3429.6,3429.6,3429.6,3429.6,3429.6,3429.6,3429.6,3429.6,41155.2,-0.7,0.83,0.58,46
72632.12152,11,92697.52525,8687,16386,9831.6,9831.6,9831.6,9831.6,9831.6,9831.6,9831.6,9831.6,9831.6,9831.6,9831.6,9831.6,117979.2,-0.4,0.85,0.48,23
87489.68716,8,102665.9281,12156,18044,21652.8,21652.8,21652.8,21652.8,21652.8,21652.8,21652.8,21652.8,21652.8,21652.8,21652.8,21652.8,259833.6,0.2,0.82,0.22,43
41409.2889,7,75196.84931,10091,29174,23339.2,23339.2,23339.2,23339.2,23339.2,23339.2,23339.2,23339.2,23339.2,23339.2,23339.2,23339.2,280070.4,-0.2,0.93,0.28,21
93540.85184,8,388702.0977,46993,30218,48348.8,48348.8,48348.8,48348.8,48348.8,48348.8,48348.8,48348.8,48348.8,48348.8,48348.8,48348.8,580185.6,0.6,0.85,0.74,46
57066.9144,6,4533.626584,725,35278,14111.2,14111.2,14111.2,14111.2,14111.2,14111.2,14111.2,14111.2,14111.2,14111.2,14111.2,14111.2,169334.4,-0.6,0.75,0.27,1
14950.11098,8,142536.0338,17399,40968,73742.4,73742.4,73742.4,73742.4,73742.4,73742.4,73742.4,73742.4,73742.4,73742.4,73742.4,73742.4,884908.8,0.8,0.85,0.32,23
54259.55534,7,392523.4387,58056,156120,234180,234180,234180,234180,234180,234180,234180,234180,234180,234180,234180,234180,2810160,0.5,0.85,0.22,23
62925.39261,8,27.99957049,3,18,5.4,5.4,5.4,5.4,5.4,5.4,5.4,5.4,5.4,5.4,5.4,5.4,64.8,-0.7,0.7,0.8,5
40644.05282,9,71.17445501,8,42,67.2,67.2,67.2,67.2,67.2,67.2,67.2,67.2,67.2,67.2,67.2,67.2,806.4,0.6,0.7,0.8,5
76649.33972,6,32.22580951,5,26,36.4,36.4,36.4,36.4,36.4,36.4,36.4,36.4,36.4,36.4,36.4,36.4,436.8,0.4,0.7,0.8,5
89943.6597,11,70.32386628,6,34,20.4,20.4,20.4,20.4,20.4,20.4,20.4,20.4,20.4,20.4,20.4,20.4,244.8,-0.4,0.7,0.8,5
49867.48071,14,25.60749197,2,10,3,3,3,3,3,3,3,3,3,3,3,3,36,-0.7,0.7,0.8,5
18223.462,6,20.58582766,4,18,27,27,27,27,27,27,27,27,27,27,27,27,324,0.5,0.7,0.8,5
11634.3914,5,10.30696892,2,10,6,6,6,6,6,6,6,6,6,6,6,6,72,-0.4,0.7,0.8,5
32876.00356,7,6208.036869,832,752,902.4,902.4,902.4,902.4,902.4,902.4,902.4,902.4,902.4,902.4,902.4,902.4,10828.8,0.2,0.77,3.46,8
70982.74714,11,1396.741684,132,284,624.8,624.8,624.8,624.8,624.8,624.8,624.8,624.8,624.8,624.8,624.8,624.8,7497.6,1.2,0.77,1.16,8
76619.94459,28,84.45213177,3,26,41.6,41.6,41.6,41.6,41.6,41.6,41.6,41.6,41.6,41.6,41.6,41.6,499.2,0.6,0.77,0.25,8
75977.31324,35,39.62793625,1,10,6,6,6,6,6,6,6,6,6,6,6,6,72,-0.4,0.77,0.25,8
13566.6382,9,425.1348103,48,138,82.8,82.8,82.8,82.8,82.8,82.8,82.8,82.8,82.8,82.8,82.8,82.8,993.6,-0.4,0.77,1,8
38621.46053,12,275.1573005,23,50,30,30,30,30,30,30,30,30,30,30,30,30,360,-0.4,0.77,1.39,8
32339.82367,17,107.2856927,6,10,25,25,25,25,25,25,25,25,25,25,25,25,300,1.5,0.77,2.02,8
1912.492979,10,145.2497047,15,50,125,125,125,125,125,125,125,125,125,125,125,125,1500,1.5,0.77,0.83,8
55477.94926,8,108.4929997,14,98,58.8,58.8,58.8,58.8,58.8,58.8,58.8,58.8,58.8,58.8,58.8,58.8,705.6,-0.4,0.77,0.25,8
35251.07142,13,161.3662236,13,50,45,45,45,45,45,45,45,45,45,45,45,45,540,-0.1,0.77,0.7,8
55482.66358,56,132.5709114,2,10,15,15,15,15,15,15,15,15,15,15,15,15,180,0.5,0.77,0.72,8
52870.46568,19,86.78367808,5,10,22,22,22,22,22,22,22,22,22,22,22,22,264,1.2,0.77,1.43,8
21901.57739,6,61.06957375,11,66,99,99,99,99,99,99,99,99,99,99,99,99,1188,0.5,0.77,0.25,8
95729.65877,26,177.604938,7,10,22,22,22,22,22,22,22,22,22,22,22,22,264,1.2,0.77,2.16,8
86267.46835,7,71.4554386,10,26,46.8,46.8,46.8,46.8,46.8,46.8,46.8,46.8,46.8,46.8,46.8,46.8,561.6,0.8,0.77,1.06,8
49639.77433,201,1411.147255,7,10,25,25,25,25,25,25,25,25,25,25,25,25,300,1.5,0.77,2.79,8
76756.87989,29,115.3143538,4,26,65,65,65,65,65,65,65,65,65,65,65,65,780,1.5,0.77,0.4,8
89604.23049,8,104.2784962,13,26,41.6,41.6,41.6,41.6,41.6,41.6,41.6,41.6,41.6,41.6,41.6,41.6,499.2,0.6,0.77,1.52,8
336.8691995,38,43.08544302,1,10,14,14,14,14,14,14,14,14,14,14,14,14,168,0.4,0.77,0.25,8
58091.45501,6,147.5029327,24,66,59.4,59.4,59.4,59.4,59.4,59.4,59.4,59.4,59.4,59.4,59.4,59.4,712.8,-0.1,0.77,1,8
18814.27596,7,51.46366816,7,34,61.2,61.2,61.2,61.2,61.2,61.2,61.2,61.2,61.2,61.2,61.2,61.2,734.4,0.8,0.77,0.51,8
26425.65326,5,128.0864815,25,66,99,99,99,99,99,99,99,99,99,99,99,99,1188,0.5,0.77,1,8
83000.8256,24,535.7946354,22,74,66.6,66.6,66.6,66.6,66.6,66.6,66.6,66.6,66.6,66.6,66.6,66.6,799.2,-0.1,0.77,0.9,8
18495.56854,12,26.09894857,2,18,10.8,10.8,10.8,10.8,10.8,10.8,10.8,10.8,10.8,10.8,10.8,10.8,129.6,-0.4,0.77,0.2,8
19715.918,23,81.67153167,3,10,22,22,22,22,22,22,22,22,22,22,22,22,264,1.2,0.77,1.07,8
67635.93921,6,50.18216086,9,18,32.4,32.4,32.4,32.4,32.4,32.4,32.4,32.4,32.4,32.4,32.4,32.4,388.8,0.8,0.77,1.4,8
30292.65585,7,10.19028133,2,10,15,15,15,15,15,15,15,15,15,15,15,15,180,0.5,0.77,0.25,8
85486.23537,8,11.89528396,1,10,6,6,6,6,6,6,6,6,6,6,6,6,72,-0.4,0.77,0.25,8
64933.26732,7,10.19026987,2,10,22,22,22,22,22,22,22,22,22,22,22,22,264,1.2,0.77,0.25,8
60018.75247,43,2522.484557,58,90,162,162,162,162,162,162,162,162,162,162,162,162,1944,0.8,0.82,0.25,51
44446.31555,20,319.0783282,16,10,16,16,16,16,16,16,16,16,16,16,16,16,192,0.6,1,1.35,30
53279.26493,17,277.1564536,16,10,14,14,14,14,14,14,14,14,14,14,14,14,168,0.4,0.85,1.35,30
38681.85219,28,528.810715,19,10,15,15,15,15,15,15,15,15,15,15,15,15,180,0.5,1,1.6,30
68106.51762,27,517.4142778,19,10,12,12,12,12,12,12,12,12,12,12,12,12,144,0.2,1,1.6,30
67735.18226,69,1738.632654,25,10,14,14,14,14,14,14,14,14,14,14,14,14,168,0.4,0.85,1.03,76
43416.42237,111,1382.948403,12,10,15,15,15,15,15,15,15,15,15,15,15,15,180,0.5,0.85,0.95,41
76989.24558,7,36.64016638,6,10,6,6,6,6,6,6,6,6,6,6,6,6,72,-0.4,0.82,0.25,31
51198.41152,6,239.3683922,42,10,12,12,12,12,12,12,12,12,12,12,12,12,144,0.2,1,1.47,66
12802.8922,509,10586.24023,21,18,14.4,14.4,14.4,14.4,14.4,14.4,14.4,14.4,14.4,14.4,14.4,14.4,172.8,-0.2,0.85,1.3,23
38645.52128,354,5013.992811,14,10,15,15,15,15,15,15,15,15,15,15,15,15,180,0.5,0.7,0.95,37
15696.35309,8,35.26465843,4,10,18,18,18,18,18,18,18,18,18,18,18,18,216,0.8,1,1.29,8
17918.84121,627,1484.205418,2,10,12,12,12,12,12,12,12,12,12,12,12,12,144,0.2,1,0.25,30
30058.3472,32,1070.8115,34,18,27,27,27,27,27,27,27,27,27,27,27,27,324,0.5,1,1.34,30
99645.52245,27,922.7599157,34,18,45,45,45,45,45,45,45,45,45,45,45,45,540,1.5,0.85,1.34,30
5364.083202,27,917.1920752,34,18,25.2,25.2,25.2,25.2,25.2,25.2,25.2,25.2,25.2,25.2,25.2,25.2,302.4,0.4,1,1.34,30
35735.47813,32,1173.678454,37,18,16.2,16.2,16.2,16.2,16.2,16.2,16.2,16.2,16.2,16.2,16.2,16.2,194.4,-0.1,1,1.34,33
32667.50506,32,1070.8115,34,18,10.8,10.8,10.8,10.8,10.8,10.8,10.8,10.8,10.8,10.8,10.8,10.8,129.6,-0.4,1,1.34,30
31820.58673,32,1070.8115,34,18,32.4,32.4,32.4,32.4,32.4,32.4,32.4,32.4,32.4,32.4,32.4,32.4,388.8,0.8,1,1.34,30
269.7596913,114,3675.568708,32,10,4,4,4,4,4,4,4,4,4,4,4,4,48,-0.6,0.85,1.9,44
92457.86557,64,104.9895952,2,10,8,8,8,8,8,8,8,8,8,8,8,8,96,-0.2,1,0.25,16
89602.68337,6,212.6867674,34,58,17.4,17.4,17.4,17.4,17.4,17.4,17.4,17.4,17.4,17.4,17.4,17.4,208.8,-0.7,0.85,0.25,33
71993.10907,278,1154.874722,4,10,18,18,18,18,18,18,18,18,18,18,18,18,216,0.8,0.85,0.81,16
39698.91211,142,2336.805187,16,18,32.4,32.4,32.4,32.4,32.4,32.4,32.4,32.4,32.4,32.4,32.4,32.4,388.8,0.8,1,1.03,23
1438.094411,5,25.93337747,5,18,45,45,45,45,45,45,45,45,45,45,45,45,540,1.5,1,0.25,16
54473.7405,99,1121.687244,11,18,32.4,32.4,32.4,32.4,32.4,32.4,32.4,32.4,32.4,32.4,32.4,32.4,388.8,0.8,0.82,0.84,23
93472.75764,1140,10868.85311,10,10,6,6,6,6,6,6,6,6,6,6,6,6,72,-0.4,0.85,1.07,23
5925.684757,26,1148.704925,44,18,21.6,21.6,21.6,21.6,21.6,21.6,21.6,21.6,21.6,21.6,21.6,21.6,259.2,0.2,0.85,0.98,76
87339.56134,38,1396.426284,37,18,14.4,14.4,14.4,14.4,14.4,14.4,14.4,14.4,14.4,14.4,14.4,14.4,172.8,-0.2,0.85,1.48,30
87129.24137,14,185.4278049,14,10,18,18,18,18,18,18,18,18,18,18,18,18,216,0.8,1,0.73,44
28305.80833,344,9740.260267,28,18,32.4,32.4,32.4,32.4,32.4,32.4,32.4,32.4,32.4,32.4,32.4,32.4,388.8,0.8,1,0.93,44
2838.435689,21,245.5132203,12,26,31.2,31.2,31.2,31.2,31.2,31.2,31.2,31.2,31.2,31.2,31.2,31.2,374.4,0.2,1,0.68,16
78229.36296,625,13448.1347,22,18,7.2,7.2,7.2,7.2,7.2,7.2,7.2,7.2,7.2,7.2,7.2,7.2,86.4,-0.6,0.7,1.16,26
79791.06754,7,129.9186184,19,26,23.4,23.4,23.4,23.4,23.4,23.4,23.4,23.4,23.4,23.4,23.4,23.4,280.8,-0.1,1,1.54,11
84121.20154,46,1791.539673,39,26,20.8,20.8,20.8,20.8,20.8,20.8,20.8,20.8,20.8,20.8,20.8,20.8,249.6,-0.2,0.82,0.58,76
99578.02335,156,1536.215468,10,18,32.4,32.4,32.4,32.4,32.4,32.4,32.4,32.4,32.4,32.4,32.4,32.4,388.8,0.8,0.82,0.73,23
71879.19972,135,3059.942038,23,26,46.8,46.8,46.8,46.8,46.8,46.8,46.8,46.8,46.8,46.8,46.8,46.8,561.6,0.8,0.85,0.97,23
26139.86709,25,1057.095332,42,26,15.6,15.6,15.6,15.6,15.6,15.6,15.6,15.6,15.6,15.6,15.6,15.6,187.2,-0.4,0.85,1.14,30
22414.89462,28,1159.562069,42,26,57.2,57.2,57.2,57.2,57.2,57.2,57.2,57.2,57.2,57.2,57.2,57.2,686.4,1.2,0.82,1.14,30
68881.04221,28,1176.243017,42,26,41.6,41.6,41.6,41.6,41.6,41.6,41.6,41.6,41.6,41.6,41.6,41.6,499.2,0.6,0.82,1.14,30
57501.49233,22,917.9282243,42,26,31.2,31.2,31.2,31.2,31.2,31.2,31.2,31.2,31.2,31.2,31.2,31.2,374.4,0.2,0.82,1.14,30
2753.120319,25,1045.179195,42,26,65,65,65,65,65,65,65,65,65,65,65,65,780,1.5,0.82,1.14,30
87180.96882,29,1213.417317,42,26,41.6,41.6,41.6,41.6,41.6,41.6,41.6,41.6,41.6,41.6,41.6,41.6,499.2,0.6,0.82,1.14,30
29408.85344,29,442.4069417,15,66,118.8,118.8,118.8,118.8,118.8,118.8,118.8,118.8,118.8,118.8,118.8,118.8,1425.6,0.8,1,0.25,21
16643.79319,6,76.66421618,13,34,61.2,61.2,61.2,61.2,61.2,61.2,61.2,61.2,61.2,61.2,61.2,61.2,734.4,0.8,0.83,0.25,21
41517.17867,44,1314.935754,30,10,15,15,15,15,15,15,15,15,15,15,15,15,180,0.5,1,2.83,23
1082.228679,171,4776.180707,28,34,61.2,61.2,61.2,61.2,61.2,61.2,61.2,61.2,61.2,61.2,61.2,61.2,734.4,0.8,0.82,0.91,23
12328.15963,10,1289.434302,128,26,36.4,36.4,36.4,36.4,36.4,36.4,36.4,36.4,36.4,36.4,36.4,36.4,436.8,0.4,1,3.46,44
72626.31806,58,1562.063525,27,10,25,25,25,25,25,25,25,25,25,25,25,25,300,1.5,1,1.95,44
16289.3966,6,281.9784865,44,34,51,51,51,51,51,51,51,51,51,51,51,51,612,0.5,0.85,1.45,21
25964.72027,7,116.8829365,16,10,22,22,22,22,22,22,22,22,22,22,22,22,264,1.2,0.82,1.85,21
14077.96811,106,1209.185587,11,26,15.6,15.6,15.6,15.6,15.6,15.6,15.6,15.6,15.6,15.6,15.6,15.6,187.2,-0.4,0.7,1.23,11
56373.14592,42,1383.182358,33,34,85,85,85,85,85,85,85,85,85,85,85,85,1020,1.5,0.82,0.46,41
95073.07057,41,1106.518415,27,42,12.6,12.6,12.6,12.6,12.6,12.6,12.6,12.6,12.6,12.6,12.6,12.6,151.2,-0.7,0.85,0.64,30
6038.437072,56,10733.37818,192,74,162.8,162.8,162.8,162.8,162.8,162.8,162.8,162.8,162.8,162.8,162.8,162.8,1953.6,1.2,1,1.52,44
58786.99747,29,1164.943184,40,34,74.8,74.8,74.8,74.8,74.8,74.8,74.8,74.8,74.8,74.8,74.8,74.8,897.6,1.2,1,0.82,30
64638.53689,26,1092.069116,41,34,20.4,20.4,20.4,20.4,20.4,20.4,20.4,20.4,20.4,20.4,20.4,20.4,244.8,-0.4,0.75,0.82,30
69829.51455,22,1106.899285,49,34,51,51,51,51,51,51,51,51,51,51,51,51,612,0.5,1,0.82,37
65187.64152,25,1019.388528,42,34,74.8,74.8,74.8,74.8,74.8,74.8,74.8,74.8,74.8,74.8,74.8,74.8,897.6,1.2,0.75,0.82,30
40051.27024,29,1164.943184,40,34,27.2,27.2,27.2,27.2,27.2,27.2,27.2,27.2,27.2,27.2,27.2,27.2,326.4,-0.2,1,0.82,30
85361.35278,22,874.9027604,40,34,30.6,30.6,30.6,30.6,30.6,30.6,30.6,30.6,30.6,30.6,30.6,30.6,367.2,-0.1,1,0.82,30
37091.96654,9,102.0237242,11,10,22,22,22,22,22,22,22,22,22,22,22,22,264,1.2,1,1.16,23
48685.61793,52,6846.321654,132,58,34.8,34.8,34.8,34.8,34.8,34.8,34.8,34.8,34.8,34.8,34.8,34.8,417.6,-0.4,1,1.33,44
6647.529747,22,1219.217181,56,50,20,20,20,20,20,20,20,20,20,20,20,20,240,-0.6,1,1.02,23
95126.42502,641,17309.02407,27,50,75,75,75,75,75,75,75,75,75,75,75,75,900,0.5,0.82,0.86,16
3316.979588,184,3226.950968,18,26,65,65,65,65,65,65,65,65,65,65,65,65,780,1.5,0.82,0.74,23
17330.33273,6,63.44377136,11,26,46.8,46.8,46.8,46.8,46.8,46.8,46.8,46.8,46.8,46.8,46.8,46.8,561.6,0.8,0.85,0.25,23
73163.29742,8,311.3073766,37,34,54.4,54.4,54.4,54.4,54.4,54.4,54.4,54.4,54.4,54.4,54.4,54.4,652.8,0.6,0.82,0.25,66
30529.13663,81,2423.19514,30,106,31.8,31.8,31.8,31.8,31.8,31.8,31.8,31.8,31.8,31.8,31.8,31.8,381.6,-0.7,0.82,0.25,23
75565.46093,374,25362.13705,68,50,30,30,30,30,30,30,30,30,30,30,30,30,360,-0.4,1,1.36,26
26376.72145,31,1793.439847,57,74,66.6,66.6,66.6,66.6,66.6,66.6,66.6,66.6,66.6,66.6,66.6,66.6,799.2,-0.1,1,0.25,87
81114.43459,123,1083.726055,9,42,75.6,75.6,75.6,75.6,75.6,75.6,75.6,75.6,75.6,75.6,75.6,75.6,907.2,0.8,0.7,0.46,12
9225.661922,6,483.9926301,84,58,87,87,87,87,87,87,87,87,87,87,87,87,1044,0.5,0.82,1.6,21
26561.54961,31,3029.870339,99,26,23.4,23.4,23.4,23.4,23.4,23.4,23.4,23.4,23.4,23.4,23.4,23.4,280.8,-0.1,1,1.47,66
32623.09674,190,8835.134017,47,58,104.4,104.4,104.4,104.4,104.4,104.4,104.4,104.4,104.4,104.4,104.4,104.4,1252.8,0.8,1,0.47,44
68540.27611,10,166.7220443,17,66,39.6,39.6,39.6,39.6,39.6,39.6,39.6,39.6,39.6,39.6,39.6,39.6,475.2,-0.4,1,0.25,19
28155.9807,219,18227.80037,83,42,37.8,37.8,37.8,37.8,37.8,37.8,37.8,37.8,37.8,37.8,37.8,37.8,453.6,-0.1,0.92,1.17,44
49101.2945,13,349.2657737,27,66,79.2,79.2,79.2,79.2,79.2,79.2,79.2,79.2,79.2,79.2,79.2,79.2,950.4,0.2,0.82,0.39,21
65992.87814,19,931.3442411,48,66,39.6,39.6,39.6,39.6,39.6,39.6,39.6,39.6,39.6,39.6,39.6,39.6,475.2,-0.4,1,1.42,11
48763.90015,15,314.6403475,21,34,51,51,51,51,51,51,51,51,51,51,51,51,612,0.5,0.85,0.93,16
85710.85199,6,558.3451668,86,74,162.8,162.8,162.8,162.8,162.8,162.8,162.8,162.8,162.8,162.8,162.8,162.8,1953.6,1.2,1,1.16,23
39928.92215,7,469.5388178,66,130,104,104,104,104,104,104,104,104,104,104,104,104,1248,-0.2,0.85,0.25,30
48946.68639,76,1321.575351,17,66,39.6,39.6,39.6,39.6,39.6,39.6,39.6,39.6,39.6,39.6,39.6,39.6,475.2,-0.4,1,0.71,8
89693.70052,197,7340.591379,37,58,87,87,87,87,87,87,87,87,87,87,87,87,1044,0.5,0.7,0.66,23
38529.69786,53,5976.449664,113,66,99,99,99,99,99,99,99,99,99,99,99,99,1188,0.5,1,1,44
16511.1707,28,2788.103354,100,74,44.4,44.4,44.4,44.4,44.4,44.4,44.4,44.4,44.4,44.4,44.4,44.4,532.8,-0.4,1,0.25,123
30237.84445,28,2345.248681,84,50,80,80,80,80,80,80,80,80,80,80,80,80,960,0.6,0.82,1.28,33
95354.15986,7,209.0375033,29,50,110,110,110,110,110,110,110,110,110,110,110,110,1320,1.2,1,1.12,12
10194.79322,35,1181.509605,34,90,162,162,162,162,162,162,162,162,162,162,162,162,1944,0.8,0.8,0.5,21
12342.41834,20,2458.456393,121,82,98.4,98.4,98.4,98.4,98.4,98.4,98.4,98.4,98.4,98.4,98.4,98.4,1180.8,0.2,0.85,0.81,44
40524.06718,6,520.6434297,89,58,46.4,46.4,46.4,46.4,46.4,46.4,46.4,46.4,46.4,46.4,46.4,46.4,556.8,-0.2,0.85,3.46,11
73436.20737,35,2507.602491,72,74,66.6,66.6,66.6,66.6,66.6,66.6,66.6,66.6,66.6,66.6,66.6,66.6,799.2,-0.1,0.85,1.06,23
57978.83457,18,2346.5642,134,66,145.2,145.2,145.2,145.2,145.2,145.2,145.2,145.2,145.2,145.2,145.2,145.2,1742.4,1.2,1,1.37,37
86446.44412,20,1347.870013,67,82,73.8,73.8,73.8,73.8,73.8,73.8,73.8,73.8,73.8,73.8,73.8,73.8,885.6,-0.1,0.75,1.04,16
35399.65831,16,772.0518295,48,90,54,54,54,54,54,54,54,54,54,54,54,54,648,-0.4,0.82,0.65,16
68922.10638,633,172682.4827,273,82,49.2,49.2,49.2,49.2,49.2,49.2,49.2,49.2,49.2,49.2,49.2,49.2,590.4,-0.4,1,1.14,76
51201.69218,24,1235.467313,52,82,180.4,180.4,180.4,180.4,180.4,180.4,180.4,180.4,180.4,180.4,180.4,180.4,2164.8,1.2,0.85,0.82,23
68884.34592,7,1054.116575,156,58,46.4,46.4,46.4,46.4,46.4,46.4,46.4,46.4,46.4,46.4,46.4,46.4,556.8,-0.2,0.85,1.64,33
59404.98731,9,191.8140436,22,42,63,63,63,63,63,63,63,63,63,63,63,63,756,0.5,1,0.25,37
82482.98319,12,908.4178293,77,82,65.6,65.6,65.6,65.6,65.6,65.6,65.6,65.6,65.6,65.6,65.6,65.6,787.2,-0.2,1,0.38,44
82555.758,7,429.8088755,62,66,145.2,145.2,145.2,145.2,145.2,145.2,145.2,145.2,145.2,145.2,145.2,145.2,1742.4,1.2,0.85,0.62,31
48497.52952,55,1038.707363,19,82,114.8,114.8,114.8,114.8,114.8,114.8,114.8,114.8,114.8,114.8,114.8,114.8,1377.6,0.4,0.8,0.25,15
43580.49714,6,270.5839534,45,82,180.4,180.4,180.4,180.4,180.4,180.4,180.4,180.4,180.4,180.4,180.4,180.4,2164.8,1.2,0.82,1.1,11
26840.76943,12,149.8000203,12,74,162.8,162.8,162.8,162.8,162.8,162.8,162.8,162.8,162.8,162.8,162.8,162.8,1953.6,1.2,0.82,0.42,8
39582.74355,9,14969.42006,1603,146,365,365,365,365,365,365,365,365,365,365,365,365,4380,1.5,1,1.47,181
58892.4027,13,934.4516659,73,58,34.8,34.8,34.8,34.8,34.8,34.8,34.8,34.8,34.8,34.8,34.8,34.8,417.6,-0.4,1,2.46,11
33180.04635,57,9781.064583,171,122,146.4,146.4,146.4,146.4,146.4,146.4,146.4,146.4,146.4,146.4,146.4,146.4,1756.8,0.2,0.7,0.63,51
77659.50168,6,429.124667,67,114,182.4,182.4,182.4,182.4,182.4,182.4,182.4,182.4,182.4,182.4,182.4,182.4,2188.8,0.6,1,1.11,12
84694.08252,7,1032.890265,144,122,195.2,195.2,195.2,195.2,195.2,195.2,195.2,195.2,195.2,195.2,195.2,195.2,2342.4,0.6,0.82,0.61,48
2669.177997,30,3774.376001,125,98,137.2,137.2,137.2,137.2,137.2,137.2,137.2,137.2,137.2,137.2,137.2,137.2,1646.4,0.4,1,0.47,66
28199.61617,28,3074.713278,109,114,159.6,159.6,159.6,159.6,159.6,159.6,159.6,159.6,159.6,159.6,159.6,159.6,1915.2,0.4,1,0.25,87
29973.66394,101,25609.62023,253,82,131.2,131.2,131.2,131.2,131.2,131.2,131.2,131.2,131.2,131.2,131.2,131.2,1574.4,0.6,0.87,1.56,51
97640.65862,6,207.7677396,36,66,105.6,105.6,105.6,105.6,105.6,105.6,105.6,105.6,105.6,105.6,105.6,105.6,1267.2,0.6,1,1.12,11
33429.50256,27,1271.415045,46,122,48.8,48.8,48.8,48.8,48.8,48.8,48.8,48.8,48.8,48.8,48.8,48.8,585.6,-0.6,1,0.66,12
21705.9442,74,2788.599892,38,122,146.4,146.4,146.4,146.4,146.4,146.4,146.4,146.4,146.4,146.4,146.4,146.4,1756.8,0.2,1,0.66,12
61949.22183,17,1142.644069,67,114,102.6,102.6,102.6,102.6,102.6,102.6,102.6,102.6,102.6,102.6,102.6,102.6,1231.2,-0.1,1,1.57,8
57758.83566,13,598.4479526,47,114,102.6,102.6,102.6,102.6,102.6,102.6,102.6,102.6,102.6,102.6,102.6,102.6,1231.2,-0.1,0.83,0.39,21
28562.10694,29,3766.718397,128,66,26.4,26.4,26.4,26.4,26.4,26.4,26.4,26.4,26.4,26.4,26.4,26.4,316.8,-0.6,0.82,1.32,37
71502.14742,61,7473.50852,123,106,265,265,265,265,265,265,265,265,265,265,265,265,3180,1.5,1,1.43,21
56881.87625,8,469.7620579,56,220,330,330,330,330,330,330,330,330,330,330,330,330,3960,0.5,0.85,0.25,16
90821.50073,6,447.3740991,70,146,219,219,219,219,219,219,219,219,219,219,219,219,2628,0.5,0.82,0.95,11
59338.99383,9,1135.552089,126,50,90,90,90,90,90,90,90,90,90,90,90,90,1080,0.8,1,2.05,37
27500.37361,13,1014.71726,79,82,65.6,65.6,65.6,65.6,65.6,65.6,65.6,65.6,65.6,65.6,65.6,65.6,787.2,-0.2,1,0.93,21
45812.71534,17,1039.70718,61,90,54,54,54,54,54,54,54,54,54,54,54,54,648,-0.4,0.82,1.28,11
19252.2782,109,2332.595634,21,82,147.6,147.6,147.6,147.6,147.6,147.6,147.6,147.6,147.6,147.6,147.6,147.6,1771.2,0.8,0.85,1.34,5
74569.65391,635,131154.0634,207,122,305,305,305,305,305,305,305,305,305,305,305,305,3660,1.5,1,0.58,76
37919.04046,25,25486.74418,1027,74,111,111,111,111,111,111,111,111,111,111,111,111,1332,0.5,0.82,2.97,120
97164.69178,25,4198.306201,168,122,268.4,268.4,268.4,268.4,268.4,268.4,268.4,268.4,268.4,268.4,268.4,268.4,3220.8,1.2,1,0.25,123
53917.25094,9,5656.181115,649,284,85.2,85.2,85.2,85.2,85.2,85.2,85.2,85.2,85.2,85.2,85.2,85.2,1022.4,-0.7,1,1.49,37
11944.61174,22,2986.364887,137,170,238,238,238,238,238,238,238,238,238,238,238,238,2856,0.4,0.85,0.85,23
29982.57199,8,247.0354694,32,106,31.8,31.8,31.8,31.8,31.8,31.8,31.8,31.8,31.8,31.8,31.8,31.8,381.6,-0.7,0.75,0.25,16
19688.64901,12,2731.892275,219,66,145.2,145.2,145.2,145.2,145.2,145.2,145.2,145.2,145.2,145.2,145.2,145.2,1742.4,1.2,1,1.23,66
3420.153399,7,1128.769521,171,90,198,198,198,198,198,198,198,198,198,198,198,198,2376,1.2,0.85,1.86,30
34397.37524,10,5900.559119,585,138,345,345,345,345,345,345,345,345,345,345,345,345,4140,1.5,0.7,2.39,44
94232.44256,19,4742.52745,245,154,61.6,61.6,61.6,61.6,61.6,61.6,61.6,61.6,61.6,61.6,61.6,61.6,739.2,-0.6,1,0.89,44
57896.9913,6,911.6771309,159,236,283.2,283.2,283.2,283.2,283.2,283.2,283.2,283.2,283.2,283.2,283.2,283.2,3398.4,0.2,1,1.17,11
57760.55902,28,4085.722787,147,130,52,52,52,52,52,52,52,52,52,52,52,52,624,-0.6,1,0.68,41
70410.77463,120,14597.49102,122,162,97.2,97.2,97.2,97.2,97.2,97.2,97.2,97.2,97.2,97.2,97.2,97.2,1166.4,-0.4,0.82,0.62,30
36898.13304,696,47771.28931,69,138,110.4,110.4,110.4,110.4,110.4,110.4,110.4,110.4,110.4,110.4,110.4,110.4,1324.8,-0.2,0.82,0.79,16
88394.37669,137,17545.6714,128,162,291.6,291.6,291.6,291.6,291.6,291.6,291.6,291.6,291.6,291.6,291.6,291.6,3499.2,0.8,0.7,0.84,23
11299.55072,33,7954.187946,239,162,405,405,405,405,405,405,405,405,405,405,405,405,4860,1.5,0.82,1.63,23
78565.34973,7,4568.90254,657,268,670,670,670,670,670,670,670,670,670,670,670,670,8040,1.5,0.85,1.23,46
97447.0433,8,1084.420524,135,66,92.4,92.4,92.4,92.4,92.4,92.4,92.4,92.4,92.4,92.4,92.4,92.4,1108.8,0.4,0.85,1.82,23
74532.16,6,829.4179713,136,340,204,204,204,204,204,204,204,204,204,204,204,204,2448,-0.4,0.85,0.25,19
1304.362017,31,6197.29296,202,122,48.8,48.8,48.8,48.8,48.8,48.8,48.8,48.8,48.8,48.8,48.8,48.8,585.6,-0.6,1,0.95,44
50262.8849,17,1491.863247,86,186,409.2,409.2,409.2,409.2,409.2,409.2,409.2,409.2,409.2,409.2,409.2,409.2,4910.4,1.2,1,0.43,30
40165.75809,9,6408.875922,699,196,117.6,117.6,117.6,117.6,117.6,117.6,117.6,117.6,117.6,117.6,117.6,117.6,1411.2,-0.4,0.85,1.1,76
76253.80621,14,426.8460415,31,178,106.8,106.8,106.8,106.8,106.8,106.8,106.8,106.8,106.8,106.8,106.8,106.8,1281.6,-0.4,0.7,0.16,11
11288.29837,12,2742.015151,225,106,233.2,233.2,233.2,233.2,233.2,233.2,233.2,233.2,233.2,233.2,233.2,233.2,2798.4,1.2,1,1.41,37
13539.16641,87,9081.311753,105,204,306,306,306,306,306,306,306,306,306,306,306,306,3672,0.5,0.71,0.49,23
57529.21552,31,1199.525227,39,196,274.4,274.4,274.4,274.4,274.4,274.4,274.4,274.4,274.4,274.4,274.4,274.4,3292.8,0.4,0.73,0.41,12
79438.78059,8,16193.06198,2111,138,303.6,303.6,303.6,303.6,303.6,303.6,303.6,303.6,303.6,303.6,303.6,303.6,3643.2,1.2,1,3.46,111
79164.04235,336,17301.24346,51,82,114.8,114.8,114.8,114.8,114.8,114.8,114.8,114.8,114.8,114.8,114.8,114.8,1377.6,0.4,0.85,1.01,16
28528.7191,8,3435.29625,406,138,82.8,82.8,82.8,82.8,82.8,82.8,82.8,82.8,82.8,82.8,82.8,82.8,993.6,-0.4,0.82,1.61,44
13235.04131,13,4054.182995,304,244,536.8,536.8,536.8,536.8,536.8,536.8,536.8,536.8,536.8,536.8,536.8,536.8,6441.6,1.2,1,0.66,44
62443.94466,14,7567.558167,539,244,536.8,536.8,536.8,536.8,536.8,536.8,536.8,536.8,536.8,536.8,536.8,536.8,6441.6,1.2,0.82,0.66,76
12783.54968,9,2694.259255,307,244,292.8,292.8,292.8,292.8,292.8,292.8,292.8,292.8,292.8,292.8,292.8,292.8,3513.6,0.2,0.83,0.66,41
71481.31066,7,1143.907862,175,138,207,207,207,207,207,207,207,207,207,207,207,207,2484,0.5,0.82,1.59,23
62587.99301,11,6168.302926,586,244,536.8,536.8,536.8,536.8,536.8,536.8,536.8,536.8,536.8,536.8,536.8,536.8,6441.6,1.2,0.7,0.66,76
94539.85507,9,5067.053383,570,244,146.4,146.4,146.4,146.4,146.4,146.4,146.4,146.4,146.4,146.4,146.4,146.4,1756.8,-0.4,0.82,0.66,76
77808.02707,23,1514.640713,65,244,341.6,341.6,341.6,341.6,341.6,341.6,341.6,341.6,341.6,341.6,341.6,341.6,4099.2,0.4,1,0.66,12
27821.00845,32,5143.796938,163,244,610,610,610,610,610,610,610,610,610,610,610,610,7320,1.5,0.7,0.66,23
37014.40791,11,6238.77888,545,244,146.4,146.4,146.4,146.4,146.4,146.4,146.4,146.4,146.4,146.4,146.4,146.4,1756.8,-0.4,0.82,0.65,76
90641.8808,6,3276.998647,519,244,439.2,439.2,439.2,439.2,439.2,439.2,439.2,439.2,439.2,439.2,439.2,439.2,5270.4,0.8,0.82,0.65,66
97924.44464,9,3574.63535,378,414,165.6,165.6,165.6,165.6,165.6,165.6,165.6,165.6,165.6,165.6,165.6,165.6,1987.2,-0.6,1,0.25,66
53336.45984,28,4980.262858,179,228,501.6,501.6,501.6,501.6,501.6,501.6,501.6,501.6,501.6,501.6,501.6,501.6,6019.2,1.2,0.85,0.84,23
96538.87718,18,2381.63461,132,236,354,354,354,354,354,354,354,354,354,354,354,354,4248,0.5,0.85,1.26,11
14965.64597,24,7765.52913,325,292,730,730,730,730,730,730,730,730,730,730,730,730,8760,1.5,0.7,1.18,23
82506.3155,13,2757.651323,215,146,262.8,262.8,262.8,262.8,262.8,262.8,262.8,262.8,262.8,262.8,262.8,262.8,3153.6,0.8,0.82,1,35
40359.66273,17,3260.356887,187,146,262.8,262.8,262.8,262.8,262.8,262.8,262.8,262.8,262.8,262.8,262.8,262.8,3153.6,0.8,0.82,1,31
16792.61395,27,30177.36502,1100,228,273.6,273.6,273.6,273.6,273.6,273.6,273.6,273.6,273.6,273.6,273.6,273.6,3283.2,0.2,1,0.93,130
21779.73596,26,38901.05158,1494,228,319.2,319.2,319.2,319.2,319.2,319.2,319.2,319.2,319.2,319.2,319.2,319.2,3830.4,0.4,1,1.35,123
6170.814283,18,1403.659843,78,170,204,204,204,204,204,204,204,204,204,204,204,204,2448,0.2,0.85,1.26,11
74486.50399,10,2512.90578,244,276,607.2,607.2,607.2,607.2,607.2,607.2,607.2,607.2,607.2,607.2,607.2,607.2,7286.4,1.2,1,0.46,41
22927.3999,17,4120.405256,240,252,554.4,554.4,554.4,554.4,554.4,554.4,554.4,554.4,554.4,554.4,554.4,554.4,6652.8,1.2,0.85,1.01,23
45694.2321,31,36667.24387,1198,324,194.4,194.4,194.4,194.4,194.4,194.4,194.4,194.4,194.4,194.4,194.4,194.4,2332.8,-0.4,0.82,1.06,87
34331.40254,8,6890.61895,872,300,240,240,240,240,240,240,240,240,240,240,240,240,2880,-0.2,0.85,2.16,33
54476.39539,44,18744.55449,427,308,184.8,184.8,184.8,184.8,184.8,184.8,184.8,184.8,184.8,184.8,184.8,184.8,2217.6,-0.4,0.82,0.55,60
18449.16851,46,21351.31468,460,308,277.2,277.2,277.2,277.2,277.2,277.2,277.2,277.2,277.2,277.2,277.2,277.2,3326.4,-0.1,0.7,0.55,60
50957.97218,39,29934.0433,761,332,498,498,498,498,498,498,498,498,498,498,498,498,5976,0.5,0.82,1.32,44
86111.20422,29,10704.6859,366,186,55.8,55.8,55.8,55.8,55.8,55.8,55.8,55.8,55.8,55.8,55.8,55.8,669.6,-0.7,1,0.85,58
51560.04023,57,19340.11203,339,236,330.4,330.4,330.4,330.4,330.4,330.4,330.4,330.4,330.4,330.4,330.4,330.4,3964.8,0.4,0.75,0.49,66
98972.77991,12,2772.583321,223,300,660,660,660,660,660,660,660,660,660,660,660,660,7920,1.2,0.83,0.82,21
94223.26804,39,29002.54707,745,244,439.2,439.2,439.2,439.2,439.2,439.2,439.2,439.2,439.2,439.2,439.2,439.2,5270.4,0.8,0.85,1.01,76
2224.124802,11,740.2678155,66,66,59.4,59.4,59.4,59.4,59.4,59.4,59.4,59.4,59.4,59.4,59.4,59.4,712.8,-0.1,0.85,1.27,16
62008.62797,11,4387.829497,412,332,464.8,464.8,464.8,464.8,464.8,464.8,464.8,464.8,464.8,464.8,464.8,464.8,5577.6,0.4,0.85,0.62,44
17596.66454,5,2337.167309,451,220,484,484,484,484,484,484,484,484,484,484,484,484,5808,1.2,1,0.72,58
63320.62117,30,19419.41954,649,510,1275,1275,1275,1275,1275,1275,1275,1275,1275,1275,1275,1275,15300,1.5,1,0.72,44
58184.20734,8,8106.253075,998,332,199.2,199.2,199.2,199.2,199.2,199.2,199.2,199.2,199.2,199.2,199.2,199.2,2390.4,-0.4,1,1.99,37
19925.59227,13,1288.893356,100,276,165.6,165.6,165.6,165.6,165.6,165.6,165.6,165.6,165.6,165.6,165.6,165.6,1987.2,-0.4,1,0.3,21
93847.02035,35,17852.65184,516,170,204,204,204,204,204,204,204,204,204,204,204,204,2448,0.2,0.7,1.13,66
34704.75954,7,1362.786429,200,364,436.8,436.8,436.8,436.8,436.8,436.8,436.8,436.8,436.8,436.8,436.8,436.8,5241.6,0.2,0.82,0.37,31
93769.78771,28,14643.50881,528,566,849,849,849,849,849,849,849,849,849,849,849,849,10188,0.5,0.85,1.01,23
34340.89343,7,4191.402943,589,268,321.6,321.6,321.6,321.6,321.6,321.6,321.6,321.6,321.6,321.6,321.6,321.6,3859.2,0.2,0.82,0.58,76
46846.80048,24,32912.74282,1346,252,554.4,554.4,554.4,554.4,554.4,554.4,554.4,554.4,554.4,554.4,554.4,554.4,6652.8,1.2,1,1.09,123
51679.80795,13,240.8974427,18,204,122.4,122.4,122.4,122.4,122.4,122.4,122.4,122.4,122.4,122.4,122.4,122.4,1468.8,-0.4,0.7,0.25,5
90924.36709,10,1284.884132,131,324,810,810,810,810,810,810,810,810,810,810,810,810,9720,1.5,0.88,0.69,16
74724.52867,11,8632.690109,769,276,110.4,110.4,110.4,110.4,110.4,110.4,110.4,110.4,110.4,110.4,110.4,110.4,1324.8,-0.6,0.85,0.79,81
4154.608702,6,802.2084294,137,284,170.4,170.4,170.4,170.4,170.4,170.4,170.4,170.4,170.4,170.4,170.4,170.4,2044.8,-0.4,1,0.79,11
1901.801636,19,12817.26769,665,478,143.4,143.4,143.4,143.4,143.4,143.4,143.4,143.4,143.4,143.4,143.4,143.4,1720.8,-0.7,0.82,1.33,26
62208.77298,30,34210.95989,1135,284,170.4,170.4,170.4,170.4,170.4,170.4,170.4,170.4,170.4,170.4,170.4,170.4,2044.8,-0.4,0.82,1.15,87
92572.36416,9,1345.327149,158,252,352.8,352.8,352.8,352.8,352.8,352.8,352.8,352.8,352.8,352.8,352.8,352.8,4233.6,0.4,1,0.25,37
9076.599167,7,9668.304674,1431,414,579.6,579.6,579.6,579.6,579.6,579.6,579.6,579.6,579.6,579.6,579.6,579.6,6955.2,0.4,0.85,1.02,76
55712.61767,9,10857.63027,1152,364,800.8,800.8,800.8,800.8,800.8,800.8,800.8,800.8,800.8,800.8,800.8,800.8,9609.6,1.2,1,1.14,66
83827.89094,13,2993.953914,233,390,312,312,312,312,312,312,312,312,312,312,312,312,3744,-0.2,1,0.66,21
91961.60577,7,1180.433422,180,146,262.8,262.8,262.8,262.8,262.8,262.8,262.8,262.8,262.8,262.8,262.8,262.8,3153.6,0.8,0.7,0.98,23
35452.87953,16,7918.64781,502,260,156,156,156,156,156,156,156,156,156,156,156,156,1872,-0.4,0.85,0.68,66
30303.93974,15,2542.734185,174,260,312,312,312,312,312,312,312,312,312,312,312,312,3744,0.2,0.9,0.68,23
64737.50782,9,1079.218482,126,292,438,438,438,438,438,438,438,438,438,438,438,438,5256,0.5,1,0.25,37
48177.98048,15,3258.305541,223,324,388.8,388.8,388.8,388.8,388.8,388.8,388.8,388.8,388.8,388.8,388.8,388.8,4665.6,0.2,0.8,0.68,23
2853.429693,9,5668.897141,660,186,279,279,279,279,279,279,279,279,279,279,279,279,3348,0.5,1,1.28,66
43200.38411,63,21325.90927,339,470,141,141,141,141,141,141,141,141,141,141,141,141,1692,-0.7,0.77,0.34,44
50355.96012,16,4347.030527,271,324,129.6,129.6,129.6,129.6,129.6,129.6,129.6,129.6,129.6,129.6,129.6,129.6,1555.2,-0.6,0.85,0.87,23
84159.11686,27,24451.50388,898,494,296.4,296.4,296.4,296.4,296.4,296.4,296.4,296.4,296.4,296.4,296.4,296.4,3556.8,-0.4,1,1.04,44
47193.59978,12,3713.857304,318,316,189.6,189.6,189.6,189.6,189.6,189.6,189.6,189.6,189.6,189.6,189.6,189.6,2275.2,-0.4,0.85,0.77,30
39092.32166,13,1512.649029,118,356,534,534,534,534,534,534,534,534,534,534,534,534,6408,0.5,1,0.42,21
67794.64548,26,77743.50099,2986,364,509.6,509.6,509.6,509.6,509.6,509.6,509.6,509.6,509.6,509.6,509.6,509.6,6115.2,0.4,0.71,1.58,130
50337.76968,12,113.1409392,10,332,730.4,730.4,730.4,730.4,730.4,730.4,730.4,730.4,730.4,730.4,730.4,730.4,8764.8,1.2,0.85,0.25,2
91641.45053,42,87992.86071,2106,356,640.8,640.8,640.8,640.8,640.8,640.8,640.8,640.8,640.8,640.8,640.8,640.8,7689.6,0.8,1,1.07,141
7833.644401,7,2687.233451,392,550,990,990,990,990,990,990,990,990,990,990,990,990,11880,0.8,0.7,0.33,31
47304.986,12,9136.409232,769,390,234,234,234,234,234,234,234,234,234,234,234,234,2808,-0.4,0.82,1.29,37
48946.51898,30,12698.83074,426,534,427.2,427.2,427.2,427.2,427.2,427.2,427.2,427.2,427.2,427.2,427.2,427.2,5126.4,-0.2,1,0.28,66
27439.58354,15,41059.47683,2669,446,267.6,267.6,267.6,267.6,267.6,267.6,267.6,267.6,267.6,267.6,267.6,267.6,3211.2,-0.4,0.85,1.72,87
9994.266704,23,7311.366794,314,308,462,462,462,462,462,462,462,462,462,462,462,462,5544,0.5,0.77,0.95,26
63165.45343,6,7711.873223,1360,946,567.6,567.6,567.6,567.6,567.6,567.6,567.6,567.6,567.6,567.6,567.6,567.6,6811.2,-0.4,0.82,0.25,76
75443.06423,9,2651.196525,287,446,1115,1115,1115,1115,1115,1115,1115,1115,1115,1115,1115,1115,13380,1.5,1,0.34,37
99787.72463,9,2651.191795,287,446,981.2,981.2,981.2,981.2,981.2,981.2,981.2,981.2,981.2,981.2,981.2,981.2,11774.4,1.2,1,0.34,37
20353.36609,40,116998.4772,2933,688,1513.6,1513.6,1513.6,1513.6,1513.6,1513.6,1513.6,1513.6,1513.6,1513.6,1513.6,1513.6,18163.2,1.2,0.82,1.06,101
49338.57371,8,9230.258004,1106,608,547.2,547.2,547.2,547.2,547.2,547.2,547.2,547.2,547.2,547.2,547.2,547.2,6566.4,-0.1,1,1.23,35
52913.96599,6,1073.173582,194,478,286.8,286.8,286.8,286.8,286.8,286.8,286.8,286.8,286.8,286.8,286.8,286.8,3441.6,-0.4,0.7,0.54,16
36628.5949,8,1151.986429,141,204,244.8,244.8,244.8,244.8,244.8,244.8,244.8,244.8,244.8,244.8,244.8,244.8,2937.6,0.2,0.82,0.25,35
58870.79322,7,5920.62552,805,430,946,946,946,946,946,946,946,946,946,946,946,946,11352,1.2,0.82,1.24,35
18093.39803,11,1588.584848,145,196,235.2,235.2,235.2,235.2,235.2,235.2,235.2,235.2,235.2,235.2,235.2,235.2,2822.4,0.2,1,0.93,23
54977.50853,291,63691.01238,219,592,710.4,710.4,710.4,710.4,710.4,710.4,710.4,710.4,710.4,710.4,710.4,710.4,8524.8,0.2,0.7,0.52,16
92202.7404,9,2918.184171,323,204,122.4,122.4,122.4,122.4,122.4,122.4,122.4,122.4,122.4,122.4,122.4,122.4,1468.8,-0.4,1,1,37
97544.60351,12,16310.41347,1372,502,301.2,301.2,301.2,301.2,301.2,301.2,301.2,301.2,301.2,301.2,301.2,301.2,3614.4,-0.4,0.75,0.96,66
66898.45026,38,131594.0911,3470,624,998.4,998.4,998.4,998.4,998.4,998.4,998.4,998.4,998.4,998.4,998.4,998.4,11980.8,0.6,0.8,1.07,130
57445.50178,7,7705.510528,1134,736,294.4,294.4,294.4,294.4,294.4,294.4,294.4,294.4,294.4,294.4,294.4,294.4,3532.8,-0.6,0.83,0.74,44
14894.11729,30,45130.43633,1519,632,884.8,884.8,884.8,884.8,884.8,884.8,884.8,884.8,884.8,884.8,884.8,884.8,10617.6,0.4,1,0.79,76
73985.47922,7,3541.555565,524,858,1887.6,1887.6,1887.6,1887.6,1887.6,1887.6,1887.6,1887.6,1887.6,1887.6,1887.6,1887.6,22651.2,1.2,0.82,0.31,31
14429.98443,7,3541.555565,524,858,1372.8,1372.8,1372.8,1372.8,1372.8,1372.8,1372.8,1372.8,1372.8,1372.8,1372.8,1372.8,16473.6,0.6,0.82,0.31,31
32745.01858,19,10171.31946,544,656,984,984,984,984,984,984,984,984,984,984,984,984,11808,0.5,1,0.6,33
76211.07499,16,6010.280585,371,608,1337.6,1337.6,1337.6,1337.6,1337.6,1337.6,1337.6,1337.6,1337.6,1337.6,1337.6,1337.6,16051.2,1.2,0.85,0.61,23
97364.80366,10,8934.492774,879,1076,1936.8,1936.8,1936.8,1936.8,1936.8,1936.8,1936.8,1936.8,1936.8,1936.8,1936.8,1936.8,23241.6,0.8,0.85,0.81,23
37513.08385,26,96099.69414,3691,680,544,544,544,544,544,544,544,544,544,544,544,544,6528,-0.2,0.7,1.07,123
96799.14512,28,17640.99927,627,752,1654.4,1654.4,1654.4,1654.4,1654.4,1654.4,1654.4,1654.4,1654.4,1654.4,1654.4,1654.4,19852.8,1.2,0.87,0.49,40
9309.664142,8,5777.780805,716,786,1729.2,1729.2,1729.2,1729.2,1729.2,1729.2,1729.2,1729.2,1729.2,1729.2,1729.2,1729.2,20750.4,1.2,1,0.41,44
22592.41647,16,44489.64726,2766,688,825.6,825.6,825.6,825.6,825.6,825.6,825.6,825.6,825.6,825.6,825.6,825.6,9907.2,0.2,0.82,1,97
3596.258665,38,46040.87416,1207,794,1985,1985,1985,1985,1985,1985,1985,1985,1985,1985,1985,1985,23820,1.5,0.83,0.43,81
85238.34056,17,7258.237618,437,728,218.4,218.4,218.4,218.4,218.4,218.4,218.4,218.4,218.4,218.4,218.4,218.4,2620.8,-0.7,0.7,0.54,23
21639.40791,16,13621.65785,849,786,628.8,628.8,628.8,628.8,628.8,628.8,628.8,628.8,628.8,628.8,628.8,628.8,7545.6,-0.2,0.7,1.12,23
67330.82858,14,15291.02769,1109,810,1215,1215,1215,1215,1215,1215,1215,1215,1215,1215,1215,1215,14580,0.5,0.8,0.42,66
37199.40082,10,3658.655676,352,688,1032,1032,1032,1032,1032,1032,1032,1032,1032,1032,1032,1032,12384,0.5,0.82,0.71,16
95171.92723,86,65348.64336,758,236,94.4,94.4,94.4,94.4,94.4,94.4,94.4,94.4,94.4,94.4,94.4,94.4,1132.8,-0.6,0.7,1.87,44
89009.13269,244,399711.7954,1635,866,2165,2165,2165,2165,2165,2165,2165,2165,2165,2165,2165,2165,25980,1.5,0.8,0.57,81
18053.50511,8,10286.20032,1361,494,197.6,197.6,197.6,197.6,197.6,197.6,197.6,197.6,197.6,197.6,197.6,197.6,2371.2,-0.6,1,0.95,66
88086.29948,14,16455.93976,1201,486,729,729,729,729,729,729,729,729,729,729,729,729,8748,0.5,1,0.75,78
1199.561603,11,2827.142273,257,446,356.8,356.8,356.8,356.8,356.8,356.8,356.8,356.8,356.8,356.8,356.8,356.8,4281.6,-0.2,1,1.27,11
92167.07479,19,10258.84551,538,744,1116,1116,1116,1116,1116,1116,1116,1116,1116,1116,1116,1116,13392,0.5,0.85,0.75,23
73298.64989,9,20299.61883,2223,406,609,609,609,609,609,609,609,609,609,609,609,609,7308,0.5,1,2.05,66
85781.62452,127,160101.6581,1264,988,1778.4,1778.4,1778.4,1778.4,1778.4,1778.4,1778.4,1778.4,1778.4,1778.4,1778.4,1778.4,21340.8,0.8,0.75,0.43,66
16739.76417,25,72221.02104,2908,592,177.6,177.6,177.6,177.6,177.6,177.6,177.6,177.6,177.6,177.6,177.6,177.6,2131.2,-0.7,1,1,123
5589.677063,29,42507.8296,1470,680,612,612,612,612,612,612,612,612,612,612,612,612,7344,-0.1,0.75,0.66,76
42672.92788,12,13503.691,1116,454,998.8,998.8,998.8,998.8,998.8,998.8,998.8,998.8,998.8,998.8,998.8,998.8,11985.6,1.2,0.85,0.72,78
83164.98886,8,60934.15652,8106,1610,483,483,483,483,483,483,483,483,483,483,483,483,5796,-0.7,1,1.32,90
10728.18783,7,8099.915157,1094,720,1296,1296,1296,1296,1296,1296,1296,1296,1296,1296,1296,1296,15552,0.8,1,0.93,37
4947.666398,6,1445.870576,252,608,1337.6,1337.6,1337.6,1337.6,1337.6,1337.6,1337.6,1337.6,1337.6,1337.6,1337.6,1337.6,16051.2,1.2,1,1.02,11
36463.56278,5,30759.16319,5595,1626,487.8,487.8,487.8,487.8,487.8,487.8,487.8,487.8,487.8,487.8,487.8,487.8,5853.6,-0.7,0.7,1.13,66
89822.0946,5,5406.355319,1075,284,624.8,624.8,624.8,624.8,624.8,624.8,624.8,624.8,624.8,624.8,624.8,624.8,7497.6,1.2,0.9,1.14,73
70136.47095,23,44978.6982,1987,1238,1857,1857,1857,1857,1857,1857,1857,1857,1857,1857,1857,1857,22284,0.5,0.82,0.56,66
28.25267997,7,3574.450379,477,922,2028.4,2028.4,2028.4,2028.4,2028.4,2028.4,2028.4,2028.4,2028.4,2028.4,2028.4,2028.4,24340.8,1.2,0.75,0.37,23
60355.84501,13,17198.04298,1337,938,2345,2345,2345,2345,2345,2345,2345,2345,2345,2345,2345,2345,28140,1.5,0.83,0.5,61
49056.04127,8,11182.84338,1359,1012,1214.4,1214.4,1214.4,1214.4,1214.4,1214.4,1214.4,1214.4,1214.4,1214.4,1214.4,1214.4,14572.8,0.2,0.8,0.85,35
68655.67308,7,48217.91725,6505,1562,3436.4,3436.4,3436.4,3436.4,3436.4,3436.4,3436.4,3436.4,3436.4,3436.4,3436.4,3436.4,41236.8,1.2,0.88,1.5,66
96830.56156,26,71274.45809,2737,914,548.4,548.4,548.4,548.4,548.4,548.4,548.4,548.4,548.4,548.4,548.4,548.4,6580.8,-0.4,0.75,0.54,123
27776.26972,8,29044.38844,3834,778,933.6,933.6,933.6,933.6,933.6,933.6,933.6,933.6,933.6,933.6,933.6,933.6,11203.2,0.2,0.85,1.22,94
96362.12156,10,1713.177537,172,744,1041.6,1041.6,1041.6,1041.6,1041.6,1041.6,1041.6,1041.6,1041.6,1041.6,1041.6,1041.6,12499.2,0.4,1,0.51,12
95224.86017,6,10484.73446,1681,1230,492,492,492,492,492,492,492,492,492,492,492,492,5904,-0.6,1,1.02,30
7908.806989,18,7923.673937,439,1076,1614,1614,1614,1614,1614,1614,1614,1614,1614,1614,1614,1614,19368,0.5,0.91,0.6,16
91788.78777,7,3738.069861,528,1190,714,714,714,714,714,714,714,714,714,714,714,714,8568,-0.4,0.7,0.19,23
72448.97528,11,4642.335812,426,946,1419,1419,1419,1419,1419,1419,1419,1419,1419,1419,1419,1419,17028,0.5,0.82,0.49,19
27153.84354,8,17863.83454,2161,1068,961.2,961.2,961.2,961.2,961.2,961.2,961.2,961.2,961.2,961.2,961.2,961.2,11534.4,-0.1,1,1.3,37
83201.4349,7,18484.79623,2477,906,362.4,362.4,362.4,362.4,362.4,362.4,362.4,362.4,362.4,362.4,362.4,362.4,4348.8,-0.6,1,0.94,66
75182.03375,7,32835.1699,4642,1780,3204,3204,3204,3204,3204,3204,3204,3204,3204,3204,3204,3204,38448,0.8,0.85,1.39,44
65708.3253,18,18142.64415,1028,1360,2992,2992,2992,2992,2992,2992,2992,2992,2992,2992,2992,2992,35904,1.2,0.82,0.57,30
20959.07106,7,50724.98319,6797,1658,994.8,994.8,994.8,994.8,994.8,994.8,994.8,994.8,994.8,994.8,994.8,994.8,11937.6,-0.4,1,1.48,66
90520.7083,9,1226.397927,135,810,1296,1296,1296,1296,1296,1296,1296,1296,1296,1296,1296,1296,15552,0.6,0.82,0.52,8
74989.5713,9,12512.09499,1448,962,2116.4,2116.4,2116.4,2116.4,2116.4,2116.4,2116.4,2116.4,2116.4,2116.4,2116.4,2116.4,25396.8,1.2,1,0.94,37
92765.32588,7,25582.49176,3428,826,743.4,743.4,743.4,743.4,743.4,743.4,743.4,743.4,743.4,743.4,743.4,743.4,8920.8,-0.1,1,1.5,66
31580.12914,15,3540.964761,234,1166,2915,2915,2915,2915,2915,2915,2915,2915,2915,2915,2915,2915,34980,1.5,0.82,0.32,12
48074.25459,12,22849.01449,1888,1166,1632.4,1632.4,1632.4,1632.4,1632.4,1632.4,1632.4,1632.4,1632.4,1632.4,1632.4,1632.4,19588.8,0.4,0.75,0.38,78
79112.17361,27,86818.08576,3276,1400,2100,2100,2100,2100,2100,2100,2100,2100,2100,2100,2100,2100,25200,0.5,1,0.43,130
70415.21402,8,15639.35887,1858,1020,612,612,612,612,612,612,612,612,612,612,612,612,7344,-0.4,0.85,1.15,37
99848.49526,28,180016.9456,6467,1496,3740,3740,3740,3740,3740,3740,3740,3740,3740,3740,3740,3740,44880,1.5,1,0.83,130
52704.84913,8,13218.85575,1588,1278,1533.6,1533.6,1533.6,1533.6,1533.6,1533.6,1533.6,1533.6,1533.6,1533.6,1533.6,1533.6,18403.2,0.2,1,0.75,37
73291.86838,32,35298.85507,1114,1350,1890,1890,1890,1890,1890,1890,1890,1890,1890,1890,1890,1890,22680,0.4,1,0.18,101
68878.30081,35,284676.0778,8071,1536,2764.8,2764.8,2764.8,2764.8,2764.8,2764.8,2764.8,2764.8,2764.8,2764.8,2764.8,2764.8,33177.6,0.8,0.82,1.07,123
93732.1487,16,15722.79023,967,1416,3115.2,3115.2,3115.2,3115.2,3115.2,3115.2,3115.2,3115.2,3115.2,3115.2,3115.2,3115.2,37382.4,1.2,0.8,0.49,30
30570.48898,27,23774.03215,880,1440,2592,2592,2592,2592,2592,2592,2592,2592,2592,2592,2592,2592,31104,0.8,1,0.35,41
13833.06592,6,13396.42654,2099,1400,1680,1680,1680,1680,1680,1680,1680,1680,1680,1680,1680,1680,20160,0.2,0.82,0.3,76
99935.29323,25,138687.8859,5505,1246,747.6,747.6,747.6,747.6,747.6,747.6,747.6,747.6,747.6,747.6,747.6,747.6,8971.2,-0.4,0.75,0.86,123
69877.27583,33,90601.77446,2762,1376,3027.2,3027.2,3027.2,3027.2,3027.2,3027.2,3027.2,3027.2,3027.2,3027.2,3027.2,3027.2,36326.4,1.2,1,0.57,87
78653.37195,7,15047.64336,2193,2176,3916.8,3916.8,3916.8,3916.8,3916.8,3916.8,3916.8,3916.8,3916.8,3916.8,3916.8,3916.8,47001.6,0.8,1,0.99,23
39066.01155,17,19381.00671,1165,1626,650.4,650.4,650.4,650.4,650.4,650.4,650.4,650.4,650.4,650.4,650.4,650.4,7804.8,-0.6,1,0.56,30
63421.99319,13,17339.72193,1381,1642,4105,4105,4105,4105,4105,4105,4105,4105,4105,4105,4105,4105,49260,1.5,0.85,0.63,30
19661.95471,23,18236.38891,810,1738,1390.4,1390.4,1390.4,1390.4,1390.4,1390.4,1390.4,1390.4,1390.4,1390.4,1390.4,1390.4,16684.8,-0.2,1,0.25,41
37118.06545,129,164863.145,1279,1868,2241.6,2241.6,2241.6,2241.6,2241.6,2241.6,2241.6,2241.6,2241.6,2241.6,2241.6,2241.6,26899.2,0.2,1,0.3,58
80337.50935,5,49098.7515,9149,2700,3780,3780,3780,3780,3780,3780,3780,3780,3780,3780,3780,3780,45360,0.4,0.7,0.97,73
75376.51236,130,242701.1532,1873,1764,2646,2646,2646,2646,2646,2646,2646,2646,2646,2646,2646,2646,31752,0.5,0.8,0.36,66
58344.90294,31,126469.3734,4042,1884,4710,4710,4710,4710,4710,4710,4710,4710,4710,4710,4710,4710,56520,1.5,1,0.61,87
20968.31645,16,11443.44633,705,696,1740,1740,1740,1740,1740,1740,1740,1740,1740,1740,1740,1740,20880,1.5,0.8,0.93,26
33662.68414,31,92389.58496,2964,1974,2763.6,2763.6,2763.6,2763.6,2763.6,2763.6,2763.6,2763.6,2763.6,2763.6,2763.6,2763.6,33163.2,0.4,1,0.56,66
82122.44457,11,47936.93165,4433,1480,3256,3256,3256,3256,3256,3256,3256,3256,3256,3256,3256,3256,39072,1.2,0.82,0.6,108
66529.1874,9,14666.00057,1697,1706,3070.8,3070.8,3070.8,3070.8,3070.8,3070.8,3070.8,3070.8,3070.8,3070.8,3070.8,3070.8,36849.6,0.8,1,0.58,37
37616.39721,10,21276.16621,2030,1892,2838,2838,2838,2838,2838,2838,2838,2838,2838,2838,2838,2838,34056,0.5,0.82,0.96,26
23498.26719,29,32665.18778,1123,1982,4360.4,4360.4,4360.4,4360.4,4360.4,4360.4,4360.4,4360.4,4360.4,4360.4,4360.4,4360.4,52324.8,1.2,1,0.3,44
79739.54418,25,46394.45501,1847,2322,1393.2,1393.2,1393.2,1393.2,1393.2,1393.2,1393.2,1393.2,1393.2,1393.2,1393.2,1393.2,16718.4,-0.4,1,0.43,44
37450.54569,11,45805.97581,4249,1916,1149.6,1149.6,1149.6,1149.6,1149.6,1149.6,1149.6,1149.6,1149.6,1149.6,1149.6,1149.6,13795.2,-0.4,0.8,0.39,108
44086.45057,11,17259.90533,1549,1924,1154.4,1154.4,1154.4,1154.4,1154.4,1154.4,1154.4,1154.4,1154.4,1154.4,1154.4,1154.4,13852.8,-0.4,1,0.25,61
63214.18444,6,5876.819536,916,2168,3902.4,3902.4,3902.4,3902.4,3902.4,3902.4,3902.4,3902.4,3902.4,3902.4,3902.4,3902.4,46828.8,0.8,1,0.17,33
93600.17132,6,7850.766588,1291,2758,1103.2,1103.2,1103.2,1103.2,1103.2,1103.2,1103.2,1103.2,1103.2,1103.2,1103.2,1103.2,13238.4,-0.6,1,0.47,19
13701.89066,5,5908.656585,1136,2774,3051.4,3051.4,3051.4,3051.4,3051.4,3051.4,3051.4,3051.4,3051.4,3051.4,3051.4,3051.4,36616.8,0.1,1,0.51,15
61579.17586,6,6626.042953,1186,2766,1659.6,1659.6,1659.6,1659.6,1659.6,1659.6,1659.6,1659.6,1659.6,1659.6,1659.6,1659.6,19915.2,-0.4,0.8,0.47,16
35565.33108,5,4450.71023,840,2774,4993.2,4993.2,4993.2,4993.2,4993.2,4993.2,4993.2,4993.2,4993.2,4993.2,4993.2,4993.2,59918.4,0.8,1,0.52,11
25337.73744,8,47978.81067,6098,2710,2168,2168,2168,2168,2168,2168,2168,2168,2168,2168,2168,2168,26016,-0.2,0.85,0.52,87
84183.75319,12,73997.38929,6230,3494,1048.2,1048.2,1048.2,1048.2,1048.2,1048.2,1048.2,1048.2,1048.2,1048.2,1048.2,1048.2,12578.4,-0.7,0.7,0.59,62
3757.355247,12,6655.339463,533,2798,6995,6995,6995,6995,6995,6995,6995,6995,6995,6995,6995,6995,83940,1.5,1,0.33,12
73327.4254,13,43192.00306,3343,3316,7295.2,7295.2,7295.2,7295.2,7295.2,7295.2,7295.2,7295.2,7295.2,7295.2,7295.2,7295.2,87542.4,1.2,0.7,0.65,33
43887.9304,7,89048.3958,13155,2862,858.6,858.6,858.6,858.6,858.6,858.6,858.6,858.6,858.6,858.6,858.6,858.6,10303.2,-0.7,0.82,1.21,87
67863.27004,6,6437.645513,1128,2984,4476,4476,4476,4476,4476,4476,4476,4476,4476,4476,4476,4476,53712,0.5,0.85,0.62,12
69222.79091,6,5243.602091,890,2734,3280.8,3280.8,3280.8,3280.8,3280.8,3280.8,3280.8,3280.8,3280.8,3280.8,3280.8,3280.8,39369.6,0.2,0.8,0.29,16
64275.43798,7,38129.49149,5866,3348,5356.8,5356.8,5356.8,5356.8,5356.8,5356.8,5356.8,5356.8,5356.8,5356.8,5356.8,5356.8,64281.6,0.6,0.82,0.6,58
37405.54347,7,151412.4554,20289,5240,6288,6288,6288,6288,6288,6288,6288,6288,6288,6288,6288,6288,75456,0.2,1,1.39,66
51157.75623,10,112237.43,10820,4746,5695.2,5695.2,5695.2,5695.2,5695.2,5695.2,5695.2,5695.2,5695.2,5695.2,5695.2,5695.2,68342.4,0.2,1,0.8,66
80784.06957,7,55592.56991,7449,3922,3137.6,3137.6,3137.6,3137.6,3137.6,3137.6,3137.6,3137.6,3137.6,3137.6,3137.6,3137.6,37651.2,-0.2,1,0.61,66
76235.86954,122,575271.5853,4711,3574,4288.8,4288.8,4288.8,4288.8,4288.8,4288.8,4288.8,4288.8,4288.8,4288.8,4288.8,4288.8,51465.6,0.2,0.82,0.48,66
55531.14298,13,37030.6584,2933,2224,3113.6,3113.6,3113.6,3113.6,3113.6,3113.6,3113.6,3113.6,3113.6,3113.6,3113.6,3113.6,37363.2,0.4,1,0.51,58
70588.49851,8,8414.678175,1022,2936,1761.6,1761.6,1761.6,1761.6,1761.6,1761.6,1761.6,1761.6,1761.6,1761.6,1761.6,1761.6,21139.2,-0.4,0.85,0.29,20
97735.92745,10,262331.4813,25846,4658,7452.8,7452.8,7452.8,7452.8,7452.8,7452.8,7452.8,7452.8,7452.8,7452.8,7452.8,7452.8,89433.6,0.6,0.85,0.68,181
92696.22767,11,13972.58081,1254,3662,3295.8,3295.8,3295.8,3295.8,3295.8,3295.8,3295.8,3295.8,3295.8,3295.8,3295.8,3295.8,39549.6,-0.1,0.83,0.24,23
98395.41806,81,114227.8002,1418,3534,4240.8,4240.8,4240.8,4240.8,4240.8,4240.8,4240.8,4240.8,4240.8,4240.8,4240.8,4240.8,50889.6,0.2,1,0.27,37
64371.93369,6,26702.43137,4586,4108,2464.8,2464.8,2464.8,2464.8,2464.8,2464.8,2464.8,2464.8,2464.8,2464.8,2464.8,2464.8,29577.6,-0.4,0.7,0.25,51
57821.70364,17,133868.6698,7654,5426,9766.8,9766.8,9766.8,9766.8,9766.8,9766.8,9766.8,9766.8,9766.8,9766.8,9766.8,9766.8,117201.6,0.8,0.7,0.49,58
66249.98903,18,345098.9631,18765,5538,13845,13845,13845,13845,13845,13845,13845,13845,13845,13845,13845,13845,166140,1.5,0.7,0.7,108
9755.440137,56,113320.1132,2038,5764,6916.8,6916.8,6916.8,6916.8,6916.8,6916.8,6916.8,6916.8,6916.8,6916.8,6916.8,6916.8,83001.6,0.2,0.78,0.79,11
26941.50665,13,49543.26524,3770,5094,4075.2,4075.2,4075.2,4075.2,4075.2,4075.2,4075.2,4075.2,4075.2,4075.2,4075.2,4075.2,48902.4,-0.2,0.83,0.44,35
9797.236123,7,158884.6368,21188,8634,15541.2,15541.2,15541.2,15541.2,15541.2,15541.2,15541.2,15541.2,15541.2,15541.2,15541.2,15541.2,186494.4,0.8,1,0.83,66
93898.13441,7,37261.0151,4993,5442,11972.4,11972.4,11972.4,11972.4,11972.4,11972.4,11972.4,11972.4,11972.4,11972.4,11972.4,11972.4,143668.8,1.2,1,0.9,23
91054.88135,10,117929.4721,11283,5142,11312.4,11312.4,11312.4,11312.4,11312.4,11312.4,11312.4,11312.4,11312.4,11312.4,11312.4,11312.4,135748.8,1.2,0.82,0.39,108
33116.19225,13,42787.56902,3268,5796,4636.8,4636.8,4636.8,4636.8,4636.8,4636.8,4636.8,4636.8,4636.8,4636.8,4636.8,4636.8,55641.6,-0.2,1,0.34,35
86564.39253,7,39727.91368,5323,6856,9598.4,9598.4,9598.4,9598.4,9598.4,9598.4,9598.4,9598.4,9598.4,9598.4,9598.4,9598.4,115180.8,0.4,1,0.74,23
4642.238692,8,101797.5018,13446,6654,9315.6,9315.6,9315.6,9315.6,9315.6,9315.6,9315.6,9315.6,9315.6,9315.6,9315.6,9315.6,111787.2,0.4,1,0.66,66
18596.89763,9,30713.07091,3240,6904,12427.2,12427.2,12427.2,12427.2,12427.2,12427.2,12427.2,12427.2,12427.2,12427.2,12427.2,12427.2,149126.4,0.8,1,0.22,37
56095.15083,16,146603.726,8957,7898,11057.2,11057.2,11057.2,11057.2,11057.2,11057.2,11057.2,11057.2,11057.2,11057.2,11057.2,11057.2,132686.4,0.4,0.85,0.42,58
38229.3787,8,47663.79807,6131,6396,11512.8,11512.8,11512.8,11512.8,11512.8,11512.8,11512.8,11512.8,11512.8,11512.8,11512.8,11512.8,138153.6,0.8,0.7,0.19,51
28535.78795,28,150567.9826,5432,8262,14871.6,14871.6,14871.6,14871.6,14871.6,14871.6,14871.6,14871.6,14871.6,14871.6,14871.6,14871.6,178459.2,0.8,0.82,0.4,36
61716.77149,29,132267.4671,4633,6290,5032,5032,5032,5032,5032,5032,5032,5032,5032,5032,5032,5032,60384,-0.2,1,0.4,44
9089.83595,25,129909.918,5106,7188,5750.4,5750.4,5750.4,5750.4,5750.4,5750.4,5750.4,5750.4,5750.4,5750.4,5750.4,5750.4,69004.8,-0.2,1,0.38,44
42375.4568,7,127037.572,16941,7786,14014.8,14014.8,14014.8,14014.8,14014.8,14014.8,14014.8,14014.8,14014.8,14014.8,14014.8,14014.8,168177.6,0.8,1,0.72,66
18011.47757,13,57288.33967,4537,5142,11312.4,11312.4,11312.4,11312.4,11312.4,11312.4,11312.4,11312.4,11312.4,11312.4,11312.4,11312.4,135748.8,1.2,1,0.44,44
20540.37645,7,35416.77823,4723,5054,6064.8,6064.8,6064.8,6064.8,6064.8,6064.8,6064.8,6064.8,6064.8,6064.8,6064.8,6064.8,72777.6,0.2,1,0.92,23
13930.05334,17,304565.7819,18244,7414,2224.2,2224.2,2224.2,2224.2,2224.2,2224.2,2224.2,2224.2,2224.2,2224.2,2224.2,2224.2,26690.4,-0.7,0.85,0.51,108
92199.42146,13,315697.3729,24874,7414,13345.2,13345.2,13345.2,13345.2,13345.2,13345.2,13345.2,13345.2,13345.2,13345.2,13345.2,13345.2,160142.4,0.8,0.72,0.52,130
63513.44727,8,27035.06493,3351,8302,13283.2,13283.2,13283.2,13283.2,13283.2,13283.2,13283.2,13283.2,13283.2,13283.2,13283.2,13283.2,159398.4,0.6,0.72,0.17,23
94414.55339,12,30768.51529,2518,7648,19120,19120,19120,19120,19120,19120,19120,19120,19120,19120,19120,19120,229440,1.5,1,0.63,12
6029.396022,8,42327.44636,5150,9450,15120,15120,15120,15120,15120,15120,15120,15120,15120,15120,15120,15120,181440,0.6,0.9,0.48,23
44002.60198,8,43546.81998,5359,7276,4365.6,4365.6,4365.6,4365.6,4365.6,4365.6,4365.6,4365.6,4365.6,4365.6,4365.6,4365.6,52387.2,-0.4,1,0.39,37
23986.33804,6,74175.85648,12539,10082,8065.6,8065.6,8065.6,8065.6,8065.6,8065.6,8065.6,8065.6,8065.6,8065.6,8065.6,8065.6,96787.2,-0.2,0.82,0.53,44
73719.85221,7,165434.0791,22061,8634,13814.4,13814.4,13814.4,13814.4,13814.4,13814.4,13814.4,13814.4,13814.4,13814.4,13814.4,13814.4,165772.8,0.6,1,0.87,66
63798.28568,13,75606.22162,5759,8336,13337.6,13337.6,13337.6,13337.6,13337.6,13337.6,13337.6,13337.6,13337.6,13337.6,13337.6,13337.6,160051.2,0.6,0.82,0.43,33
98629.22568,8,30471.41083,3853,7454,11926.4,11926.4,11926.4,11926.4,11926.4,11926.4,11926.4,11926.4,11926.4,11926.4,11926.4,11926.4,143116.8,0.6,1,0.71,16
29892.12735,7,102512.346,13736,7430,2972,2972,2972,2972,2972,2972,2972,2972,2972,2972,2972,2972,35664,-0.6,1,0.59,66
59614.48888,10,198444.7923,20776,8262,12393,12393,12393,12393,12393,12393,12393,12393,12393,12393,12393,12393,148716,0.5,0.7,0.57,87
88893.99833,16,43223.22524,2776,10874,23922.8,23922.8,23922.8,23922.8,23922.8,23922.8,23922.8,23922.8,23922.8,23922.8,23922.8,23922.8,287073.6,1.2,0.82,0.13,23
49628.93981,13,39604.55558,2961,10954,24098.8,24098.8,24098.8,24098.8,24098.8,24098.8,24098.8,24098.8,24098.8,24098.8,24098.8,24098.8,289185.6,1.2,0.82,0.14,23
68621.70154,7,145614.8961,19512,10138,12165.6,12165.6,12165.6,12165.6,12165.6,12165.6,12165.6,12165.6,12165.6,12165.6,12165.6,12165.6,145987.2,0.2,1,0.62,66
68753.34457,10,158137.112,15547,12394,18591,18591,18591,18591,18591,18591,18591,18591,18591,18591,18591,18591,223092,0.5,0.82,0.26,78
40922.61774,8,297227.2567,35212,11618,13941.6,13941.6,13941.6,13941.6,13941.6,13941.6,13941.6,13941.6,13941.6,13941.6,13941.6,13941.6,167299.2,0.2,0.85,0.77,87
26976.03739,14,107616.2262,7807,12620,27764,27764,27764,27764,27764,27764,27764,27764,27764,27764,27764,27764,333168,1.2,1,0.36,37
17406.29569,7,107509.618,14511,12418,31045,31045,31045,31045,31045,31045,31045,31045,31045,31045,31045,31045,372540,1.5,1,0.32,66
76681.24189,6,94988.79508,16185,14892,5956.8,5956.8,5956.8,5956.8,5956.8,5956.8,5956.8,5956.8,5956.8,5956.8,5956.8,5956.8,71481.6,-0.6,0.85,0.49,41
4831.799117,7,206469.6589,27868,14850,13365,13365,13365,13365,13365,13365,13365,13365,13365,13365,13365,13365,160380,-0.1,1,0.6,66
39743.43884,8,66039.33542,8545,14430,25974,25974,25974,25974,25974,25974,25974,25974,25974,25974,25974,25974,311688,0.8,0.77,0.28,31
53537.78345,9,54510.11402,6039,15748,4724.4,4724.4,4724.4,4724.4,4724.4,4724.4,4724.4,4724.4,4724.4,4724.4,4724.4,4724.4,56692.8,-0.7,0.76,0.12,26
40555.53967,7,276302.79,36846,17760,21312,21312,21312,21312,21312,21312,21312,21312,21312,21312,21312,21312,255744,0.2,1,0.68,66
43989.70312,11,228825.1491,20537,16258,40645,40645,40645,40645,40645,40645,40645,40645,40645,40645,40645,40645,487740,1.5,0.7,0.33,61
92052.30979,25,288391.1191,11484,17380,6952,6952,6952,6952,6952,6952,6952,6952,6952,6952,6952,6952,83424,-0.6,1,0.35,44
27746.72473,7,371074.9276,49484,20808,37454.4,37454.4,37454.4,37454.4,37454.4,37454.4,37454.4,37454.4,37454.4,37454.4,37454.4,37454.4,449452.8,0.8,1,0.8,66
86403.55774,11,345335.5529,31711,17284,20740.8,20740.8,20740.8,20740.8,20740.8,20740.8,20740.8,20740.8,20740.8,20740.8,20740.8,20740.8,248889.6,0.2,1,0.64,65
61763.28744,5,137466.6334,26013,13452,29594.4,29594.4,29594.4,29594.4,29594.4,29594.4,29594.4,29594.4,29594.4,29594.4,29594.4,29594.4,355132.8,1.2,0.85,0.44,76
28852.23678,7,321458.0899,42867,19038,41883.6,41883.6,41883.6,41883.6,41883.6,41883.6,41883.6,41883.6,41883.6,41883.6,41883.6,41883.6,502603.2,1.2,1,0.75,66
14290.54489,6,97913.40412,16293,15360,38400,38400,38400,38400,38400,38400,38400,38400,38400,38400,38400,38400,460800,1.5,0.72,0.5,37
57292.27939,26,387081.0918,14867,19152,34473.6,34473.6,34473.6,34473.6,34473.6,34473.6,34473.6,34473.6,34473.6,34473.6,34473.6,34473.6,413683.2,0.8,1,0.42,44
99155.5808,5,19966.34646,3981,24058,52927.6,52927.6,52927.6,52927.6,52927.6,52927.6,52927.6,52927.6,52927.6,52927.6,52927.6,52927.6,635131.2,1.2,1,0.15,12
54058.36796,5,150550.5694,28116,20114,30171,30171,30171,30171,30171,30171,30171,30171,30171,30171,30171,30171,362052,0.5,0.75,0.38,56
67194.73671,6,273744.6546,44670,21318,29845.2,29845.2,29845.2,29845.2,29845.2,29845.2,29845.2,29845.2,29845.2,29845.2,29845.2,29845.2,358142.4,0.4,1,0.41,94
74844.42322,8,254735.8216,33888,23508,28209.6,28209.6,28209.6,28209.6,28209.6,28209.6,28209.6,28209.6,28209.6,28209.6,28209.6,28209.6,338515.2,0.2,1,0.43,66
14804.73021,8,206020.7628,26631,28002,50403.6,50403.6,50403.6,50403.6,50403.6,50403.6,50403.6,50403.6,50403.6,50403.6,50403.6,50403.6,604843.2,0.8,1,0.24,66
87232.7768,12,104126.5556,8482,31494,12597.6,12597.6,12597.6,12597.6,12597.6,12597.6,12597.6,12597.6,12597.6,12597.6,12597.6,12597.6,151171.2,-0.6,1,0.5,12
18043.66253,7,140529.1519,18811,33096,39715.2,39715.2,39715.2,39715.2,39715.2,39715.2,39715.2,39715.2,39715.2,39715.2,39715.2,39715.2,476582.4,0.2,1,0.26,37
97858.21251,7,395535.7738,53387,33936,50904,50904,50904,50904,50904,50904,50904,50904,50904,50904,50904,50904,610848,0.5,1,0.48,66
45558.36564,7,538973.3852,72748,55100,121220,121220,121220,121220,121220,121220,121220,121220,121220,121220,121220,121220,1454640,1.2,1,0.38,66
77066.7326,6,1129564.968,193618,100674,110741.4,110741.4,110741.4,110741.4,110741.4,110741.4,110741.4,110741.4,110741.4,110741.4,110741.4,110741.4,1328896.8,0.1,1,0.48,76
95551.89527,7,927844.5421,123730,82874,66299.2,66299.2,66299.2,66299.2,66299.2,66299.2,66299.2,66299.2,66299.2,66299.2,66299.2,66299.2,795590.4,-0.2,1,0.45,66
18382.47986,7,299388.1156,39924,98614,138059.6,138059.6,138059.6,138059.6,138059.6,138059.6,138059.6,138059.6,138059.6,138059.6,138059.6,138059.6,1656715.2,0.4,1,0.52,16
87484.99284,5,982692.5331,188038,126260,227268,227268,227268,227268,227268,227268,227268,227268,227268,227268,227268,227268,2727216,0.8,1,0.31,76
85728.69329,8,194.4632848,25,130,104,104,104,104,104,104,104,104,104,104,104,104,1248,-0.2,0.7,0.8,5
13083.50333,7,70.29212711,10,50,75,75,75,75,75,75,75,75,75,75,75,75,900,0.5,0.7,0.8,5
1610.023411,9,29.51122498,3,18,28.8,28.8,28.8,28.8,28.8,28.8,28.8,28.8,28.8,28.8,28.8,28.8,345.6,0.6,0.7,0.8,5
4336.412388,12,74.92794537,6,34,13.6,13.6,13.6,13.6,13.6,13.6,13.6,13.6,13.6,13.6,13.6,13.6,163.2,-0.6,0.7,0.8,5
36540.19919,5,68.21725235,13,66,145.2,145.2,145.2,145.2,145.2,145.2,145.2,145.2,145.2,145.2,145.2,145.2,1742.4,1.2,0.7,0.8,5
84554.93203,15,26.5706751,2,10,18,18,18,18,18,18,18,18,18,18,18,18,216,0.8,0.7,0.8,5
82987.78397,22,37.99773467,2,10,25,25,25,25,25,25,25,25,25,25,25,25,300,1.5,0.7,0.8,5
16821.95714,12,173.9094131,15,82,49.2,49.2,49.2,49.2,49.2,49.2,49.2,49.2,49.2,49.2,49.2,49.2,590.4,-0.4,0.7,0.8,5
66097.56463,12,21.60111697,2,10,4,4,4,4,4,4,4,4,4,4,4,4,48,-0.6,0.7,0.8,5
10529.6734,8,15.19017847,2,10,22,22,22,22,22,22,22,22,22,22,22,22,264,1.2,0.7,0.8,5
14561.62588,30,50.60532494,2,10,25,25,25,25,25,25,25,25,25,25,25,25,300,1.5,0.7,0.8,5
66951.12366,7,311.3626496,42,220,176,176,176,176,176,176,176,176,176,176,176,176,2112,-0.2,0.7,0.8,5
26378.62985,10,47.98207347,5,26,46.8,46.8,46.8,46.8,46.8,46.8,46.8,46.8,46.8,46.8,46.8,46.8,561.6,0.8,0.7,0.8,5
98206.36746,22,67.0787639,3,18,10.8,10.8,10.8,10.8,10.8,10.8,10.8,10.8,10.8,10.8,10.8,10.8,129.6,-0.4,0.7,0.8,5
86793.40418,12,56.64982711,5,26,65,65,65,65,65,65,65,65,65,65,65,65,780,1.5,0.7,0.8,5
32713.08559,16,27.42679573,2,10,25,25,25,25,25,25,25,25,25,25,25,25,300,1.5,0.7,0.8,5
92433.65716,6,20.26515463,4,18,45,45,45,45,45,45,45,45,45,45,45,45,540,1.5,0.7,0.8,5
78261.5522,12,73.00142458,6,34,20.4,20.4,20.4,20.4,20.4,20.4,20.4,20.4,20.4,20.4,20.4,20.4,244.8,-0.4,0.7,0.8,5
57719.39021,47,142.2561697,3,18,39.6,39.6,39.6,39.6,39.6,39.6,39.6,39.6,39.6,39.6,39.6,39.6,475.2,1.2,0.7,0.8,5
2199.098984,8,111.9112579,14,74,162.8,162.8,162.8,162.8,162.8,162.8,162.8,162.8,162.8,162.8,162.8,162.8,1953.6,1.2,0.7,0.8,5
31340.14649,10,65.03999432,6,34,74.8,74.8,74.8,74.8,74.8,74.8,74.8,74.8,74.8,74.8,74.8,74.8,897.6,1.2,0.7,0.8,5
44624.30577,8,272.5406675,35,186,260.4,260.4,260.4,260.4,260.4,260.4,260.4,260.4,260.4,260.4,260.4,260.4,3124.8,0.4,0.7,0.8,5